,Account,Compound,Date,Negative,Neutral,Positive,Text,Tweets Ago
0,nytimes,0.1531,Tue Jan 09 02:21:03 +0000 2018,0.798,0.088,0.113,"Trump's lawyers are assessing the risks of allowing him to be interviewed by the special counsel, who told them a r… https://t.co/HsixyyNM6h",1
1,nytimes,0.0,Tue Jan 09 02:11:06 +0000 2018,1.0,0.0,0.0,RT @dougmillsnyt: .@realDonaldTrump watches the #NationalChampionship with members of the ROTC https://t.co/y72hoWXesK,2
2,nytimes,0.0,Tue Jan 09 02:02:05 +0000 2018,1.0,0.0,0.0,Evening Briefing: Here's what you need to know at the end of the day https://t.co/SsNMtGeKQO,3
3,nytimes,-0.2924,Tue Jan 09 01:47:05 +0000 2018,0.91,0.09,0.0,"RT @kenvogel: Fusion GPS is STILL doing research into Trump's ties to Russia, though it's not clear who's paying for the work. https://t.co…",4
4,nytimes,0.0258,Tue Jan 09 01:34:02 +0000 2018,0.458,0.268,0.275,"The best and worst of the Golden Globes
https://t.co/e9hdEhCDAZ",5
5,nytimes,0.0,Tue Jan 09 01:19:37 +0000 2018,1.0,0.0,0.0,"Alabama and Georgia, 2 titans of the Southeastern Conference, square off for college football's national championsh… https://t.co/hDHKEfVDgT",6
6,nytimes,0.0772,Tue Jan 09 01:02:06 +0000 2018,0.939,0.0,0.061,"In Washington, a number of people trying to skate or walk across the surface of the Reflecting Pool on the National… https://t.co/YFzqvtcGdO",7
7,nytimes,-0.1531,Tue Jan 09 00:47:03 +0000 2018,0.882,0.118,0.0,Awkward: Sam Brownback said he was leaving as Kansas governor. He hasn’t. https://t.co/elL9I1oy5e,8
8,nytimes,0.0,Tue Jan 09 00:32:04 +0000 2018,1.0,0.0,0.0,New York City will be the first major metropolis to redraw its flood maps taking into account the realities of clim… https://t.co/b1f5yt7qxb,9
9,nytimes,0.8442,Tue Jan 09 00:17:05 +0000 2018,0.722,0.0,0.278,"RT @marcatracy: The quarterback of Nick Saban's first national champion is now a dentist. Now at Alabama, the greatest coach of this era li…",10
10,nytimes,0.0,Tue Jan 09 00:02:02 +0000 2018,1.0,0.0,0.0,"What ultimately salvages Michael Wolff's book are the moments when he all but makes Steve Bannon his co-author, our… https://t.co/YIsmoiXjWi",11
11,nytimes,0.0,Mon Jan 08 23:47:04 +0000 2018,1.0,0.0,0.0,Evening Briefing: Here's what you need to know at the end of the day https://t.co/XR5g95FV2r,12
12,nytimes,0.4404,Mon Jan 08 23:32:05 +0000 2018,0.873,0.0,0.127,The charred parchment from Egypt holds an early copy of the Acts of the Apostles. Scientists hope to reconstruct th… https://t.co/deCPm1FPlc,13
13,nytimes,0.0,Mon Jan 08 23:23:02 +0000 2018,1.0,0.0,0.0,RT @NYTSports: We're about two hours from #CFPNationalChampionship kickoff. @marcatracy provides some pregame snacks.  https://t.co/aB2hwbr…,14
14,nytimes,0.0,Mon Jan 08 23:17:05 +0000 2018,1.0,0.0,0.0,Read Oprah Winfrey's Golden Globes speech https://t.co/iLb2GzcFxy,15
15,nytimes,-0.296,Mon Jan 08 23:02:05 +0000 2018,0.759,0.147,0.094,"Energy Secretary Rick Perry’s plan for coal and nuclear subsidies was rejected by regulators, a blow to President T… https://t.co/fV3v2VQtOb",16
16,nytimes,0.0,Mon Jan 08 22:47:04 +0000 2018,1.0,0.0,0.0,2 Apple investors are pushing the company to limit technology's effects on children https://t.co/tT4PEsbm0J,17
17,nytimes,0.4767,Mon Jan 08 22:32:04 +0000 2018,0.763,0.0,0.237,The complete list of winners at the 2018 Golden Globes https://t.co/bhC6fTb4B8,18
18,nytimes,-0.5574,Mon Jan 08 22:17:03 +0000 2018,0.825,0.175,0.0,New Jersey lifted a ban on a bestselling book about mass incarceration after the ACLU called the prohibition “ironi… https://t.co/BGn8CeeaGR,19
19,nytimes,-0.0516,Mon Jan 08 22:00:39 +0000 2018,0.741,0.152,0.107,"“We had hope that if we worked hard, paid our taxes and didn’t get in trouble we would be allowed to stay” https://t.co/X8L2cyVr7Z",20
20,nytimes,0.7065,Mon Jan 08 21:47:05 +0000 2018,0.593,0.119,0.288,The genetic fingerprinting methods that have been so successful in the criminal justice system are now being used t… https://t.co/yb8pmDYv99,21
21,nytimes,0.0,Mon Jan 08 21:33:08 +0000 2018,1.0,0.0,0.0,"Opinion: Oprah, don't do it https://t.co/ElEv8o20TP",22
22,nytimes,-0.5719,Mon Jan 08 21:20:03 +0000 2018,0.802,0.198,0.0,The @nytimesbooks review of “Fire and Fury: Inside the Trump White House” by Michael Wolff https://t.co/f96fh7MwFn,23
23,nytimes,0.0,Mon Jan 08 21:10:05 +0000 2018,1.0,0.0,0.0,"RT @rpogrebin: BIG ART NEWS A Mega-dealer is getting more mega: David Zwirner is planning a new $50m gallery in Chelsea, designed by Renzo…",24
24,nytimes,0.0,Mon Jan 08 20:55:04 +0000 2018,1.0,0.0,0.0,"Just about anyone can enter this visa-free zone between Kazakhstan and China — that is, except for men with long be… https://t.co/7Wl4cMH8zS",25
25,nytimes,-0.0516,Mon Jan 08 20:46:56 +0000 2018,0.93,0.07,0.0,"Another NYT reader's reaction to the Trump administration announcement that nearly 200,000 Salvadorans must leave t… https://t.co/WEhbmWmmQA",26
26,nytimes,-0.0516,Mon Jan 08 20:40:12 +0000 2018,0.926,0.074,0.0,"A reader reacting to the Trump administration announcement that nearly 200,000 Salvadorans must leave the U.S.… https://t.co/KuCCc2U12J",27
27,nytimes,-0.2732,Mon Jan 08 20:25:06 +0000 2018,0.905,0.095,0.0,"The charges against the Bundys, who led an armed standoff at their ranch in 2014, have been dismissed by a federal… https://t.co/mwlFaxG1qr",28
28,nytimes,0.0258,Mon Jan 08 20:10:06 +0000 2018,0.644,0.176,0.18,"Best: Oprah Winfrey's speech, Natalie Portman's one-liner 
Worst: Mostly silent men, some of those red-carpet inter… https://t.co/xttPAYDe4N",29
29,nytimes,-0.7579,Mon Jan 08 19:55:13 +0000 2018,0.745,0.255,0.0,"How an abolitionist, pro-North Civil War hymn came to be the fight song of a football team in the Deep South https://t.co/Nl908Tb50x",30
30,nytimes,-0.1154,Mon Jan 08 19:40:06 +0000 2018,0.935,0.065,0.0,"Carrie Gracie said she was offered a raise before resigning as the BBC’s China editor, but one that still did not b… https://t.co/fjI9hJ0OIN",31
31,nytimes,0.0,Mon Jan 08 19:25:02 +0000 2018,1.0,0.0,0.0,RT @nytimesES: Casi 200.000 salvadoreños que tenían permiso de vivir en Estados Unidos por más de una década ahora deberán irse del país. h…,32
32,nytimes,0.0,Mon Jan 08 19:10:04 +0000 2018,1.0,0.0,0.0,"Marinate today, grill tomorrow https://t.co/JoFJ3RdE5z",33
33,nytimes,0.0,Mon Jan 08 19:00:09 +0000 2018,1.0,0.0,0.0,RT @comradewong: How will a reborn Chinese empire shape the world? My thoughts on leaving China after nearly a decade reporting there for t…,34
34,nytimes,-0.765,Mon Jan 08 18:47:55 +0000 2018,0.72,0.28,0.0,Breaking News: A fraternity has been banned from operating in Pennsylvania for 10 years after a pledge died in a 20… https://t.co/yIZI20F5MF,35
35,nytimes,0.4404,Mon Jan 08 18:35:09 +0000 2018,0.854,0.0,0.146,"A handful of Mexican towns and cities are effectively seceding from the state. Sometimes with money, sometimes with… https://t.co/0yVm5GFYnA",36
36,nytimes,-0.5106,Mon Jan 08 18:20:28 +0000 2018,0.656,0.226,0.118,"RT @adamliptak: “I have wondered if black people even have souls,” said a juror in a death penalty case.  On Monday, the Supreme Court call…",37
37,nytimes,0.0,Mon Jan 08 18:10:13 +0000 2018,1.0,0.0,0.0,"Nearly 200,000 people from El Salvador who have been allowed to live in the U.S. for more than a decade must leave… https://t.co/XOPsyYGjKI",38
38,nytimes,0.0258,Mon Jan 08 18:00:17 +0000 2018,0.735,0.11,0.155,RT @ThomasErdbrink: “The problem is that we want two generations after us to live the way we like them to.” https://t.co/HP2qmmJfks,39
39,nytimes,0.0,Mon Jan 08 17:50:19 +0000 2018,1.0,0.0,0.0,"At least 4 people from 3 states have lined up to claim Charles Manson’s body, his property or both in the weeks sin… https://t.co/seg8USY4ll",40
40,nytimes,-0.5423,Mon Jan 08 17:40:13 +0000 2018,0.837,0.163,0.0,"“We’re already taxed and harassed, and soon they’ll be charging for air,” one fruit and vegetable vendor said https://t.co/P9t15mbBXF",41
41,nytimes,0.5859,Mon Jan 08 17:30:03 +0000 2018,0.853,0.0,0.147,"RT @dansaltzstein: We got 13,000 applications for our 52 Places Traveler job. We'll announce the winner later this week. In the meantime, a…",42
42,nytimes,0.6962,Mon Jan 08 17:20:03 +0000 2018,0.776,0.0,0.224,"""The result was one of the most elegant, genuinely chic red carpets I’ve seen in Hollywood. Given meaning by the wo… https://t.co/kvzhTsZrCV",43
43,nytimes,-0.4973,Mon Jan 08 17:10:08 +0000 2018,0.886,0.114,0.0,"RT @jessbidgood: ""You have to shout to be heard above the wind, but you have nothing intelligent to say.” @kseelye on our trip up Mt. Washi…",44
44,nytimes,0.7506,Mon Jan 08 17:00:19 +0000 2018,0.67,0.0,0.33,A strong economy typically lifts a president's approval ratings. President Trump seems to be an exception. https://t.co/lFQBzplPI9,45
45,nytimes,-0.2023,Mon Jan 08 16:45:05 +0000 2018,0.859,0.141,0.0,Here’s a look at the highs and lows of Golden Globes night https://t.co/GFGXxBlCo1,46
46,nytimes,0.0,Mon Jan 08 16:41:02 +0000 2018,1.0,0.0,0.0,It was so hot in Australia that the asphalt melted on a stretch of highway https://t.co/CZAndxpbjy,47
47,nytimes,0.7125,Mon Jan 08 16:30:22 +0000 2018,0.771,0.0,0.229,"RT @melbournecoal: The new editor of GLAMOUR is...Samantha Barry, the first top editor at Condé Nast with an exclusively digital and televi…",48
48,nytimes,0.0,Mon Jan 08 16:20:07 +0000 2018,1.0,0.0,0.0,FEMA is substantially redrawing New York City’s flood maps to account for climate change. Deciding who is in the fl… https://t.co/AgwOw3TItV,49
49,nytimes,-0.4215,Mon Jan 08 16:10:04 +0000 2018,0.725,0.188,0.087,"RT @marcatracy: Tonight, Georgia's band will over and over play a Georgia fight song. It's ""Battle Hymn of the Republic."" How the Civil War…",50
50,nytimes,0.0,Mon Jan 08 16:00:34 +0000 2018,1.0,0.0,0.0,Do parents make kids fat? https://t.co/4YjB4jynMC,51
51,nytimes,0.0,Mon Jan 08 15:55:07 +0000 2018,1.0,0.0,0.0,"RT @nytvideo: The Trump administration will end a program that allowed nearly 200,000 people from El Salvador to stay in the U.S. In this v…",52
52,nytimes,0.0,Mon Jan 08 15:51:07 +0000 2018,1.0,0.0,0.0,Some of the economic policies Trump's administration is pursuing are at odds with what many in the farm industry sa… https://t.co/Z6Fw7JV7x9,53
53,nytimes,0.5994,Mon Jan 08 15:41:05 +0000 2018,0.754,0.0,0.246,"RT @nytopinion: Trump's defenders have learned to praise him in order to steady him, writes @CharlesMBlow https://t.co/M4ihQXJKG9",54
54,nytimes,-0.836,Mon Jan 08 15:33:07 +0000 2018,0.706,0.294,0.0,"Recy Taylor, who Oprah Winfrey mentioned in her Golden Globes speech, was abducted and raped by 6 white men in 1944… https://t.co/yNKXXg9dpp",55
55,nytimes,0.0,Mon Jan 08 15:20:13 +0000 2018,1.0,0.0,0.0,"President Hassan Rouhani of Iran lashed out at his hard-line opponents: ""One cannot force one's lifestyle on the fu… https://t.co/Q3IPF3oHOu",56
56,nytimes,0.0,Mon Jan 08 15:20:05 +0000 2018,1.0,0.0,0.0,"Breaking News: Nearly 200,000 Salvadorans allowed to live in the U.S. temporarily after 2 earthquakes in 2001 must… https://t.co/m3rU3Opnnb",57
57,nytimes,0.0258,Mon Jan 08 15:11:08 +0000 2018,0.794,0.1,0.105,RT @NYTScience: “There’s this hollowness yet this ghostlike pain still there which is fascinating from a scientific perspective but horrifi…,58
58,nytimes,-0.128,Mon Jan 08 15:10:07 +0000 2018,0.933,0.067,0.0,"Seth Meyers wisecracked about the notion that Oprah Winfrey might run for president. By the end of her speech, it s… https://t.co/225ffDJ7bI",59
59,nytimes,0.7125,Mon Jan 08 15:04:55 +0000 2018,0.762,0.0,0.238,"RT @melbournecoal: BREAK: GLAMOUR has chosen its next top editor: Samantha Barry, an executive producer at CNN. Her digital and television…",60
60,nytimes,0.0,Mon Jan 08 15:00:35 +0000 2018,1.0,0.0,0.0,Morning Briefing: Here's what you need to know to start your day https://t.co/nv888KXNiY https://t.co/VofYEJ5Wmx,61
61,nytimes,0.0,Mon Jan 08 14:46:05 +0000 2018,1.0,0.0,0.0,Video: #MeToo leads at the Golden Globes https://t.co/FGqPe6hoY2,62
62,nytimes,0.0,Mon Jan 08 14:41:02 +0000 2018,1.0,0.0,0.0,"Last May, Jared Kushner accompanied President Trump on the pair’s first diplomatic trip to Israel.

Shortly before,… https://t.co/Wh8ixjfeAJ",63
63,nytimes,-0.2732,Mon Jan 08 14:36:33 +0000 2018,0.684,0.198,0.118,"RT @UpshotNYT: The jobless rate is low; so are the president's approval ratings. Historically, there is something wrong with this picture.…",64
64,nytimes,-0.8126,Mon Jan 08 14:31:09 +0000 2018,0.571,0.364,0.064,A fire broke out near the top of Trump Tower in New York. A firefighter was hurt by falling debris and 2 civilians… https://t.co/4hDyD7QG0Z,65
65,nytimes,0.0,Mon Jan 08 14:15:14 +0000 2018,1.0,0.0,0.0,Eight pairs of actresses and activists attended the Golden Globes together. Here's what the talked about. https://t.co/sGsKyd6ayI,66
66,nytimes,0.0,Mon Jan 08 14:00:22 +0000 2018,1.0,0.0,0.0,Bannon needs Breitbart. Does Breitbart need Bannon? https://t.co/tZJwuNPPJN,67
67,nytimes,0.0,Mon Jan 08 13:46:07 +0000 2018,1.0,0.0,0.0,Natalie Portman delivered a line that instantly landed among the Golden Globes's most memorable https://t.co/MfWRlh8Qst,68
68,nytimes,0.0258,Mon Jan 08 13:32:06 +0000 2018,0.687,0.155,0.159,"""The Globes still celebrated the power players of a system in which Harvey Weinstein, whose abuses precipitated the… https://t.co/Wd3YTSqaSn",69
69,nytimes,0.0,Mon Jan 08 13:00:28 +0000 2018,1.0,0.0,0.0,Morning Briefing: Here's what you need to know to start your day https://t.co/23Cz3w9O2c https://t.co/CZj0pS6XM0,70
70,nytimes,-0.7096,Mon Jan 08 12:45:15 +0000 2018,0.704,0.296,0.0,Iran has banned the teaching of English in primary schools to block Western “cultural invasion” https://t.co/aN2PrcD34n,71
71,nytimes,-0.7003,Mon Jan 08 12:31:05 +0000 2018,0.746,0.254,0.0,"A senior BBC News editor accused the network of operating a ""secretive and illegal"" salary system that pays men mor… https://t.co/JB8M9n4B4r",72
72,nytimes,0.0,Mon Jan 08 12:15:09 +0000 2018,1.0,0.0,0.0,A transcript of Seth Meyers's Golden Globes monologue https://t.co/MeEYazWZ6h,73
73,nytimes,0.2732,Mon Jan 08 12:00:21 +0000 2018,0.89,0.0,0.11,"President Trump defended his fitness for office after a new book raised questions about his mental health, calling… https://t.co/AZZgNfvkgC",74
74,nytimes,0.0258,Mon Jan 08 11:50:08 +0000 2018,0.942,0.0,0.058,"Stephen Bannon tried backing away from his explosive comments, saying that the younger Trump was ""both a patriot an… https://t.co/TpdTx9rGoe",75
75,nytimes,0.0,Mon Jan 08 11:40:13 +0000 2018,1.0,0.0,0.0,"Read speeches from Elisabeth Moss, Laura Dern, Frances McDormand and Gary Oldman https://t.co/vXYIWzJyXj",76
76,nytimes,0.0,Mon Jan 08 11:30:06 +0000 2018,1.0,0.0,0.0,Morning Briefing: Here's what you need to know to start your day https://t.co/onNxHFF46I https://t.co/uC0AobaWGP,77
77,nytimes,-0.2732,Mon Jan 08 11:21:02 +0000 2018,0.909,0.091,0.0,"An Iranian oil tanker that collided with another ship off China's coast is at risk of exploding and sinking, the Ch… https://t.co/XrCcYABhA0",78
78,nytimes,0.4215,Mon Jan 08 11:11:02 +0000 2018,0.877,0.0,0.123,"RT @nytimesworld: Remember the “new Coke” blunder? The makers of Irn Bru, a popular Scottish soda, are facing a similar uproar from custome…",79
79,nytimes,0.0,Mon Jan 08 11:00:23 +0000 2018,1.0,0.0,0.0,Israel published a blacklist of 20 organizations whose leaders it has barred from entering the country for supporti… https://t.co/SSYCUKsLvl,80
80,nytimes,0.5267,Mon Jan 08 10:46:03 +0000 2018,0.784,0.0,0.216,"The strongest challenger to Egypt’s leader withdrew from the country’s presidential race, with his lawyer saying th… https://t.co/o6dlzUHSaX",81
81,nytimes,0.0,Mon Jan 08 10:29:02 +0000 2018,1.0,0.0,0.0,Read Oprah Winfrey's Golden Globes speech https://t.co/Q3O0v5mAmu,82
82,nytimes,-0.4215,Mon Jan 08 10:15:12 +0000 2018,0.872,0.128,0.0,The police in Belfast said they were investigating a tweet by a member of Parliament who appeared to mock the anniv… https://t.co/hPyVFiNOXj,83
83,nytimes,0.4767,Mon Jan 08 09:59:03 +0000 2018,0.763,0.0,0.237,The complete list of winners at the 2018 Golden Globes https://t.co/BbxDaUeBJV,84
84,nytimes,0.0,Mon Jan 08 09:44:04 +0000 2018,1.0,0.0,0.0,RT @nytimesworld: How do you maintain a fence nearly twice as long as the U.S.-Mexico border? Ask Australia. https://t.co/tIvo6eTjgH,85
85,nytimes,-0.4404,Mon Jan 08 09:31:01 +0000 2018,0.854,0.146,0.0,"Opinion: ""America is upside down and inside out. There's meaningless make-believe in the capital of politics. There… https://t.co/D9MIieTr87",86
86,nytimes,-0.25,Mon Jan 08 09:16:05 +0000 2018,0.9,0.1,0.0,"Countries are unsure whether to take President Trump's words as policy pronouncements, or whether they can be safel… https://t.co/w3BeqjVQSX",87
87,nytimes,-0.7096,Mon Jan 08 08:52:06 +0000 2018,0.704,0.296,0.0,Iran has banned the teaching of English in primary schools to block Western “cultural invasion” https://t.co/jod8Mlwjar,88
88,nytimes,0.6187,Mon Jan 08 08:37:05 +0000 2018,0.69,0.082,0.229,"RT @FrankBruni: In this anxious time of absent leadership, I found reassurance in the gestures, words and work honored at the Golden Globes…",89
89,nytimes,0.0,Mon Jan 08 08:22:05 +0000 2018,1.0,0.0,0.0,"Heavy snowfall. Face-freezing temperatures. Around the globe, another winter phenomenon was in full force: rescuing… https://t.co/YlGk9Halee",90
90,nytimes,0.0,Mon Jan 08 08:07:11 +0000 2018,1.0,0.0,0.0,"Will Steve Bannon be able to hang on to Breitbart News?
 https://t.co/aLi0eFHf1C",91
91,nytimes,0.4019,Mon Jan 08 07:52:01 +0000 2018,0.891,0.0,0.109,"RT @nytimesarts: The Golden Globes was a half-protest, half party, where some stars spoke out for #TimesUp and others let their pins do the…",92
92,nytimes,0.5106,Mon Jan 08 07:37:06 +0000 2018,0.711,0.061,0.228,Can tech companies like Google and Paytm convince Indian consumers to leave their cash at home? https://t.co/m4jc3kUfzS,93
93,nytimes,0.5719,Mon Jan 08 07:22:06 +0000 2018,0.709,0.0,0.291,The votes are in: Oprah Winfrey won the night https://t.co/bueoAJBdn1,94
94,nytimes,0.5859,Mon Jan 08 07:07:03 +0000 2018,0.84,0.0,0.16,RT @sewellchan: I was moved by @Oprah's remarks about Recy Taylor — and honored to have written our @NYTObits obituary about her: https://t…,95
95,nytimes,0.3818,Mon Jan 08 06:52:00 +0000 2018,0.874,0.0,0.126,"Walking or cycling changes the makeup of our gut bacteria in ways that may promote health, a study found https://t.co/H3YPWim14a",96
96,nytimes,0.0,Mon Jan 08 06:37:04 +0000 2018,1.0,0.0,0.0,A suburb in Australia just had the hottest day on record https://t.co/ZhX1ngFRiW,97
97,nytimes,-0.0516,Mon Jan 08 06:22:04 +0000 2018,0.84,0.084,0.076,A top BBC editor quit her post to protest what she said was a “secretive and illegal” salary system that pays men m… https://t.co/065Jp4a3HP,98
98,nytimes,0.6597,Mon Jan 08 06:07:27 +0000 2018,0.748,0.0,0.252,One of the great challenges for entrepreneurs who name their companies after themselves is serving their customers… https://t.co/oHtjfNnTvY,99
99,nytimes,0.0,Mon Jan 08 05:50:44 +0000 2018,1.0,0.0,0.0,"In an 11,500-year-old skeleton found in Alaska, scientists have found new clues to how people first arrived in the… https://t.co/HrX9q2fbZY",100
100,CBS,0.0,Mon Jan 08 18:07:57 +0000 2018,1.0,0.0,0.0,RT @startrekcbs: #StarTrekDiscovery is back! Episode 10 is now streaming on CBS All Access: https://t.co/xPeb97Rs8J https://t.co/Uvgab7nGgS,1
101,CBS,0.0,Mon Jan 08 14:34:48 +0000 2018,1.0,0.0,0.0,"New year, new case. Watch the latest episode of #NCISLA now: https://t.co/1rAsX4EsiB https://t.co/QzRZcORK9r",2
102,CBS,0.0,Mon Jan 08 14:29:20 +0000 2018,1.0,0.0,0.0,RT @AmazingRaceCBS: Which teams are zipping through the first leg of the #AmazingRace? https://t.co/8isAwPyrLY,3
103,CBS,0.0,Mon Jan 08 00:29:51 +0000 2018,1.0,0.0,0.0,RT @MadamSecretary: Is VP Hurst going to work with or against Elizabeth? Stream a new #MadamSecretary live with CBS All Access: https://t.c…,4
104,CBS,0.0,Sat Jan 06 20:05:17 +0000 2018,1.0,0.0,0.0,"RT @debrabirnbaum: .@ShawnRyanTV: To me, being on CBS is the opposite of preaching to the choir. #TCA18",5
105,CBS,0.8271,Sat Jan 06 19:04:08 +0000 2018,0.686,0.0,0.314,RT @LivinBiblically: “The truth is it somehow gorgeously straddles both sides...I have had friends come from all different walks of life an…,6
106,CBS,-0.7717,Sat Jan 06 19:03:38 +0000 2018,0.774,0.226,0.0,RT @instinctcbs: “This is a crime show where at the end you’re not reminded of how miserable things are in the world right now…You feel sat…,7
107,CBS,0.0,Sat Jan 06 00:37:55 +0000 2018,1.0,0.0,0.0,"RT @startrekcbs: Star Trek has touched the lives of generations of fans, including the cast and writers of #StarTrekDiscovery. What's your…",8
108,CBS,0.0,Sat Jan 06 00:30:53 +0000 2018,1.0,0.0,0.0,#StrangeAngel has found its leading man! Jack Reynor will star as famed rocket engineer Jack Parsons in the upcomin… https://t.co/sHkSKABGfd,9
109,CBS,0.0,Fri Jan 05 18:30:42 +0000 2018,1.0,0.0,0.0,"The streak of new episodes continues! Watch new episodes of #MacGyver, #H50 &amp; #BlueBloods tonight starting at 8/7c.… https://t.co/xs2vbVqBJZ",10
110,CBS,0.0,Fri Jan 05 16:05:58 +0000 2018,1.0,0.0,0.0,"RT @CBSTweet: #CBSRatingsNews: CBS Sweeps Fourth Quarter Ratings in Daytime, Primetime and Late Night for the First Time Since 2009 https:/…",11
111,CBS,0.1867,Thu Jan 04 23:13:02 +0000 2018,0.89,0.0,0.11,"New year, new episodes! Don't miss all-new episodes of @BigBangTheory, @YoungSheldon, @MomCBS, @LifeInPiecesCBS, an… https://t.co/COf6Qg8Mz1",12
112,CBS,-0.296,Thu Jan 04 14:43:09 +0000 2018,0.879,0.121,0.0,"Current nominees @LadyGaga, @LittleBigTown, @Pink, Childish Gambino and more will perform live at the #GRAMMYs, Jan… https://t.co/PlLMasNPwD",13
113,CBS,0.5423,Wed Jan 03 20:33:09 +0000 2018,0.821,0.0,0.179,"RT @startrekcbs: From Airiam to Zefram Cochrane, #StarTrekDiscovery features fascinating new concepts along with classic references. What's…",14
114,CBS,-0.5267,Wed Jan 03 19:51:15 +0000 2018,0.833,0.167,0.0,Torres and Bishop went undercover as a criminal couple on the latest episode of #NCIS. Catch up now:… https://t.co/1iTEneHyJS,15
115,CBS,0.5423,Wed Jan 03 15:00:05 +0000 2018,0.857,0.0,0.143,Do you know all the nominees for Artist Of The Year? Get familiar with this year's GRAMMY® Award nominees ahead of… https://t.co/UQa8Mu9PUV,16
116,CBS,0.0,Wed Jan 03 12:00:01 +0000 2018,1.0,0.0,0.0,"The new year of new episodes continues tonight with all-new episodes of #AmazingRace, #SEALTeam and #CriminalMinds… https://t.co/bwhNhQgsFC",17
117,CBS,-0.7692,Wed Jan 03 00:47:26 +0000 2018,0.733,0.267,0.0,"RT @BullCBS: Tonight, can #Bull prove that a teen accused of robbing a jewelry store isn't responsible for the crime? Tune in at 9/8c or st…",18
118,CBS,0.8516,Tue Jan 02 22:41:51 +0000 2018,0.66,0.0,0.34,It's your last chance to choose the pro football player with the best off-the-field talent! Vote now to decide who… https://t.co/6DjwqU0MB9,19
119,CBS,0.0,Tue Jan 02 08:00:03 +0000 2018,1.0,0.0,0.0,"New year, new episodes -- all week long! It kicks off with an all-new #NCIS, #Bull and #NCISNOLA tonight starting a… https://t.co/bcmAaUQJtf",20
120,CBS,0.0,Mon Jan 01 01:16:12 +0000 2018,1.0,0.0,0.0,"Due to #NFL football games overrun, revised start times &amp; lineup for Eastern/Central Time Zones Only:
#60Minutes 8:… https://t.co/rqOYbM5j0h",21
121,CBS,0.7798,Sun Dec 31 14:37:05 +0000 2017,0.736,0.0,0.264,Get ready for football! Stream NFL on CBS today with #CBSAllAccess. Try 1 month FREE with promo code BINGE (not ava… https://t.co/NEntvW7QHd,22
122,CBS,0.0,Sat Dec 30 20:25:20 +0000 2017,1.0,0.0,0.0,"RT @NoActivityCBS: All season nothing's happened. Now prepare for activity. Stream the #NoActivity season finale Sunday, Dec 31 on CBS All…",23
123,CBS,0.3612,Sat Dec 30 20:24:58 +0000 2017,0.884,0.0,0.116,RT @startrekcbs: Find out what happens when you boldly go too far. #StarTrekDiscovery continues January 7 on CBS All Access: https://t.co/f…,24
124,CBS,0.0857,Fri Dec 29 16:06:02 +0000 2017,0.699,0.144,0.157,Stream NC State Wolfpack at Arizona State Sun Devils LIVE today at 3PM ET with a 1-month FREE trial of… https://t.co/8k50thgtip,25
125,CBS,0.1511,Thu Dec 28 20:31:01 +0000 2017,0.783,0.096,0.121,"In case you missed this star-studded tribute to Carol Burnett's classic comedy series, catch up now! Watch The Caro… https://t.co/wu7BxM9gtm",26
126,CBS,0.0,Thu Dec 28 19:28:22 +0000 2017,1.0,0.0,0.0,Some of TV's biggest stars saluted @TheNormanLear's impact on television and culture at The 40th Annual Kennedy Cen… https://t.co/E74ChUW1uE,27
127,CBS,0.875,Wed Dec 27 22:45:05 +0000 2017,0.643,0.0,0.357,The search is on to find the pro football player with the best off-the-field talent. Vote for your favorite player… https://t.co/R0fb5ngJ16,28
128,CBS,0.7717,Wed Dec 27 21:04:10 +0000 2017,0.705,0.0,0.295,"Celebrate everyone's favorite classic sitcom with Carol Burnett, Vicki Lawrence, and more stars during The Carol Bu… https://t.co/SaiZ9TzBVO",29
129,CBS,0.8452,Wed Dec 27 19:52:02 +0000 2017,0.663,0.0,0.337,Joy to the world of streaming! Try #CBSAllAccess FREE for 1 month – just use code BINGE by 1/2:… https://t.co/9p1ACnslz6,30
130,CBS,0.0,Wed Dec 27 19:40:34 +0000 2017,1.0,0.0,0.0,"Music legend Stevie Wonder salutes @LionelRichie while performing his classic hit, ""Easy"" at The 40th Annual Kenned… https://t.co/7TeDeNyhgo",31
131,CBS,0.7003,Wed Dec 27 12:00:01 +0000 2017,0.766,0.0,0.234,"As the youngest Kennedy Center Honoree in 40 years, @LLCoolJ talks about what motivates him to chase his dreams. Wa… https://t.co/DFY78y99w3",32
132,CBS,0.8398,Wed Dec 27 07:27:33 +0000 2017,0.64,0.0,0.36,Here's to the 2017 Kennedy Center Honorees! Catch up on an evening of stunning performances and inspiring speeches… https://t.co/jGfANpSCul,33
133,CBS,0.8221,Wed Dec 27 04:00:52 +0000 2017,0.664,0.0,0.336,This celebration could go all night long! What a great final performance in honor of @LionelRichie. #KCHonors https://t.co/xKLWpKr3v0,34
134,CBS,0.0,Wed Dec 27 03:59:48 +0000 2017,1.0,0.0,0.0,RT @MarkAPrinceJr: A #LionelRichie tribute is not complete without ?All Night Long? ? #KCHonors,35
135,CBS,0.8271,Wed Dec 27 03:36:01 +0000 2017,0.58,0.0,0.42,Carmen de Lavallade (@CarmenDances) got emotional during those beautiful performances in her honor. Congratulations… https://t.co/gOCAZpZDpt,36
136,CBS,0.8103,Wed Dec 27 03:35:29 +0000 2017,0.685,0.0,0.315,RT @Glamourtunist: This tribute to Carmen de Lavallade at the #KCHonors is so beautiful and well deserved. ??,37
137,CBS,0.0,Wed Dec 27 03:03:49 +0000 2017,1.0,0.0,0.0,RT @llcoolj: Attn: #HIPHOP !!!! We made history!! #KCHonors,38
138,CBS,0.5255,Wed Dec 27 03:03:26 +0000 2017,0.78,0.0,0.22,.@llcoolj is making history! He’s the Kennedy Center’s first hip-hop honoree. #KCHonors https://t.co/kCqkOdUjtu,39
139,CBS,0.7096,Wed Dec 27 02:57:56 +0000 2017,0.753,0.0,0.247,RT @ErinAnnCullen: #KCHonors is always a night of inspiration. Thank you to these artists for your impact on our country. ???????,40
140,CBS,0.7345,Wed Dec 27 02:48:52 +0000 2017,0.64,0.0,0.36,Give a round of applause to television pioneer and 2017 Honoree @TheNormanLear! #KCHonors https://t.co/20UosF987x,41
141,CBS,0.6124,Wed Dec 27 02:45:34 +0000 2017,0.826,0.0,0.174,RT @AliL: This tribute to Norman Lear on #KCHonors is outstanding AND a walk down my childhood TV memory lane. ???,42
142,CBS,0.3699,Wed Dec 27 02:28:07 +0000 2017,0.702,0.0,0.298,RT @llcoolj: Moments I’ll never forget!!! #KCHonors,43
143,CBS,0.8748,Wed Dec 27 02:26:46 +0000 2017,0.474,0.0,0.526,.@GloriaEstefan approves of those amazing musical performances in her honor! #KCHonors https://t.co/i3EVYEoKRx,44
144,CBS,0.9601,Wed Dec 27 02:20:11 +0000 2017,0.434,0.0,0.566,RT @thepickypantry: Beautiful tribute to @GloriaEstefan on the Kennedy Center Honors. Love Mi Tierra! Amazing and inspiring what a fighter…,45
145,CBS,0.8908,Wed Dec 27 02:00:29 +0000 2017,0.654,0.0,0.346,Time to celebrate the 2017 honorees at The 40th Annual Kennedy Center Honors! Tune in now on CBS and CBS All Access… https://t.co/1OULMpCfPy,46
146,CBS,0.0,Wed Dec 27 01:08:32 +0000 2017,1.0,0.0,0.0,"Tonight, @LionelRichie, @LLCoolJ, @GloriaEstefan, @TheNormanLear &amp; Carmen de Lavallade will be recognized at The 40… https://t.co/jZJqNo8h3b",47
147,CBS,0.2415,Tue Dec 26 12:00:01 +0000 2017,0.61,0.173,0.218,"Don't miss the breathtaking performances, standing ovations and moving tributes that will leave you inspired. Here'… https://t.co/imILa52fjz",48
148,CBS,0.5106,Mon Dec 25 12:00:05 +0000 2017,0.809,0.0,0.191,"Experience the performances and the memories when 2017 Honorees @LionelRichie, @GloriaEstefan, Carmen de Lavallade,… https://t.co/ygbqASVL7t",49
149,CBS,-0.2263,Mon Dec 25 00:48:24 +0000 2017,0.899,0.101,0.0,"Due to NFL overrun CBS is delayed 36mins in Charlotte/NC, Cincinnati/OH, Nashville, Atlanta, New Orleans, Baton Rou… https://t.co/20mnbAhpTm",50
150,CBS,0.7574,Sun Dec 24 20:40:42 +0000 2017,0.711,0.0,0.289,"Tonight, get together and enjoy Christmas Eve with a two-hour marathon of your favorite classic sitcoms! Watch The… https://t.co/SCv8TJy9Yp",51
151,CBS,0.7974,Sun Dec 24 14:17:43 +0000 2017,0.727,0.0,0.273,Get ready for football! Stream NFL on CBS today with #CBSAllAccess. Try 1 month FREE with promo code BINGE! (Not av… https://t.co/6mR4bRR5Ey,52
152,CBS,0.0,Sun Dec 24 12:30:02 +0000 2017,1.0,0.0,0.0,"All In The Family star @RobReiner gives props to legendary television writer, producer and 2017 Kennedy Center Hono… https://t.co/98jc5i63zE",53
153,CBS,0.0,Sat Dec 23 16:21:17 +0000 2017,1.0,0.0,0.0,"Rapper @BustaRhymes pays tribute to @LLCoolJ, performing his hit song ""Mama Said Knock You Out"" at The 40th Annual… https://t.co/CRjQArUqwd",54
154,CBS,0.8236,Sat Dec 23 15:00:02 +0000 2017,0.714,0.0,0.286,"Oh, what fun it is to stream! Start a 1-month FREE trial of #CBSAllAccess now. Use promo code BINGE by 1/2:… https://t.co/rSAnDJDgbI",55
155,CBS,0.7712,Sat Dec 23 12:37:04 +0000 2017,0.645,0.0,0.355,CBS stars are glowing with holiday spirit! See how the stars are getting festive this season:… https://t.co/7qYTHoxFIc,56
156,CBS,0.743,Sat Dec 23 07:24:44 +0000 2017,0.583,0.107,0.311,Spread some holiday cheer and laugh along with Dick Van Dyke and Mary Tyler Moore in two back-to-back episodes of T… https://t.co/N89JoYvXZW,57
157,CBS,0.8687,Sat Dec 23 06:39:45 +0000 2017,0.635,0.0,0.365,Come home for the holidays with Lucy and Ricky in the I Love Lucy Christmas Special! Stream the full show:… https://t.co/s7f9mjEtER,58
158,CBS,-0.1531,Sat Dec 23 01:38:37 +0000 2017,0.769,0.127,0.104,"Tonight at 9/8c, gather the family for two hilarious episodes of this classic sitcom in The Dick Van Dyke Show- Now… https://t.co/YcyECVr2NN",59
159,CBS,0.9422,Sat Dec 23 00:39:52 +0000 2017,0.531,0.0,0.469,Get ready to laugh in the holidays tonight with Lucy and the gang in the I Love Lucy Christmas Special at 8/7c! Str… https://t.co/txU2TwXWOg,60
160,CBS,0.6588,Fri Dec 22 19:35:35 +0000 2017,0.759,0.0,0.241,"Tonight, ring in the holidays with two back-to-back episodes of a timeless comedy classic, now in color! Watch the… https://t.co/skJsgJdQel",61
161,CBS,0.6597,Fri Dec 22 18:03:20 +0000 2017,0.722,0.0,0.278,"Groundbreaking, daring, fearless. This is CBS All Access Originals. 

Sign up now to watch @StarTrekCBS,… https://t.co/kvPsJafYrN",62
162,CBS,0.5255,Fri Dec 22 14:04:52 +0000 2017,0.841,0.0,0.159,2017 Honoree @LLCoolJ is the first hip-hop artist recognized at the #KCHonors! Learn more about the @NCISLA star's… https://t.co/eK91KdBNpG,63
163,CBS,0.8718,Thu Dec 21 12:04:04 +0000 2017,0.632,0.0,0.368,"She's at it again! Tomorrow, relive Lucy's hilarious antics during the I Love Lucy Christmas Special at 8/7c on CBS… https://t.co/g01UGGLEDk",64
164,CBS,0.6597,Thu Dec 21 01:04:27 +0000 2017,0.787,0.0,0.213,"RT @survivorcbs: 6 heroes, 6 healers, 6 hustlers, but only 1 sole #Survivor. Ready to find out who it is? Tune in to the #SurvivorFinale no…",65
165,CBS,0.3818,Wed Dec 20 23:00:04 +0000 2017,0.843,0.0,0.157,Watch @kelly_clarkson deliver a moving performance of 'Christmas Eve' during A Home for the Holidays with… https://t.co/TAcstl7VYh,66
166,CBS,0.743,Wed Dec 20 21:08:10 +0000 2017,0.751,0.0,0.249,"In two days, celebrate the holidays with the gang with two back-to-back episodes of the classic sitcom during the I… https://t.co/FRr8jX7MXZ",67
167,CBS,0.7222,Wed Dec 20 20:10:15 +0000 2017,0.719,0.0,0.281,2017 Honoree @LLCoolJ salutes James Brown for paving the way for artists like himself. Don't miss The 40th Annual K… https://t.co/310Wfk7EoW,68
168,CBS,0.0,Wed Dec 20 19:31:47 +0000 2017,1.0,0.0,0.0,Singer-songwriter @JoshGroban delivers a powerhouse performance while raising awareness of adoption through foster… https://t.co/FiQKJdx7Ty,69
169,CBS,0.5423,Wed Dec 20 15:30:01 +0000 2017,0.857,0.0,0.143,Do you know all the nominees for Album Of The Year? Get familiar with this year's GRAMMY®  Award nominees ahead of… https://t.co/GYnxLT3n4p,70
170,CBS,0.1139,Wed Dec 20 01:01:19 +0000 2017,0.941,0.0,0.059,RT @survivorcbs: This finale is going to be unlike any ending in the history of #Survivor. Don't miss the finale + reunion all starting Wed…,71
171,CBS,0.7644,Wed Dec 20 00:14:34 +0000 2017,0.708,0.0,0.292,"This Friday, gather around the tree and celebrate the holidays with Lucille Ball! Watch two colorized back-to-back… https://t.co/4wopbmS4ez",72
172,CBS,0.0,Tue Dec 19 21:12:50 +0000 2017,1.0,0.0,0.0,Kevin and Vanessa took a trip back in time on last night's #KevinCanWait. Watch the latest episode now:… https://t.co/SAqbLOd1Pg,73
173,CBS,0.3818,Tue Dec 19 21:00:03 +0000 2017,0.852,0.0,0.148,"Find out how to watch A Home for the Holidays with @JoshGroban, featuring performances by @Kelly_Clarkson,… https://t.co/Y6zrR9PigH",74
174,CBS,0.5719,Tue Dec 19 15:30:04 +0000 2017,0.791,0.0,0.209,"In one week, celebrate a night of legends when @LionelRichie, @GloriaEstefan, Carmen de Lavallade (@CarmenDances),… https://t.co/u7eXxb521H",75
175,CBS,0.0,Tue Dec 19 14:42:58 +0000 2017,1.0,0.0,0.0,"Kick off The 60th Annual #GRAMMYs with @NancyODell, @KevinFrazier &amp; @KeltieKnight as they go behind the scenes with… https://t.co/J6KDEGV1g1",76
176,CBS,0.6808,Tue Dec 19 00:39:07 +0000 2017,0.714,0.0,0.286,"Country crooner Luke Bryan (@LukeBryanOnline) honors @LionelRichie with a smooth rendition of his original song, 'P… https://t.co/XIF7ESukR8",77
177,CBS,0.875,Mon Dec 18 22:53:34 +0000 2017,0.643,0.0,0.357,The search is on to find the pro football player with the best off-the-field talent. Vote for your favorite player… https://t.co/7uXC3SEz96,78
178,CBS,0.8957,Mon Dec 18 21:32:25 +0000 2017,0.505,0.0,0.495,"It's the greatest gift a family can give. Celebrate adoption with superstars @JoshGroban, @Kelly_Clarkson,… https://t.co/1wc6meuGF7",79
179,CBS,0.7569,Mon Dec 18 18:40:55 +0000 2017,0.712,0.0,0.288,"Mark your calendars! @NCISLA star @LLCoolJ will host MVP: Most Valuable Performer, a new interactive talent show to… https://t.co/s2LilAv50X",80
180,CBS,0.0,Mon Dec 18 00:42:56 +0000 2017,1.0,0.0,0.0,"Approximate start times for #CBS tonight (East &amp; Midwest):
#60Minutes 7:38p/6:38c
#WisdomoftheCrowd 8:38p/7:38c… https://t.co/tFKrUBcv8B",81
181,CBS,0.5093,Mon Dec 18 00:00:40 +0000 2017,0.859,0.0,0.141,"RT @kencen: Look back on favorite #KCHonors tributes before the Dec. 26 @CBS broadcast! From 2002: @aliciakeys sings ""Bridge Over Troubled…",82
182,CBS,0.8527,Sun Dec 17 17:48:58 +0000 2017,0.576,0.044,0.38,"This Friday, you won't want to miss this priceless treasure when the I Love Lucy Christmas Special airs at 8/7c on… https://t.co/oyC9YDno00",83
183,CBS,0.7798,Sun Dec 17 15:39:38 +0000 2017,0.725,0.0,0.275,Get ready for football! Stream NFL on CBS today with #CBSAllAccess. Try 1 week FREE (not available on mobile phones… https://t.co/cNMa11dmza,84
184,CBS,0.25,Sat Dec 16 18:29:05 +0000 2017,0.875,0.0,0.125,RT @HawaiiFive0CBS: Was it all a dream? Catch up on the #H50 Fall Finale: https://t.co/PDeOIaDGqu https://t.co/msEijhSSJH,85
185,CBS,0.1867,Sat Dec 16 12:00:07 +0000 2017,0.92,0.0,0.08,"In less than a week, Lucy and Ricky will return to your screens... in full color! Don't miss two back-to-back episo… https://t.co/rtmvB5Cj1D",86
186,CBS,0.5423,Fri Dec 15 20:23:58 +0000 2017,0.857,0.0,0.143,Do you know all the nominees for Record Of The Year? Get familiar with this year's GRAMMY® Award nominees ahead of… https://t.co/lXDIu1STfq,87
187,CBS,0.6114,Fri Dec 15 14:43:08 +0000 2017,0.8,0.0,0.2,'Elton John: I'm Still Standing - A GRAMMY® Salute' will celebrate Elton John's legendary career and timeless hits!… https://t.co/6M38jQQpTA,88
188,CBS,0.5106,Thu Dec 14 19:13:25 +0000 2017,0.798,0.0,0.202,"Get to know 2017 Kennedy Center honorees @LLCoolJ, Carmen de Lavallade (@CarmenDances), @GloriaEstefan,… https://t.co/RGe3zqmY08",89
189,CBS,0.0,Wed Dec 13 23:20:01 +0000 2017,1.0,0.0,0.0,"So close, yet so far away. Which #Survivor Castaways Will Earn Their Spot In The Final Five? More:… https://t.co/efeBVa4p26",90
190,CBS,0.5093,Wed Dec 13 18:56:58 +0000 2017,0.798,0.0,0.202,RT @BandB_CBS: Take a walk down #BoldandBeautiful memory lane! RT your favorite #Steam moment. https://t.co/kxeD2br8Tc,91
191,CBS,0.0,Tue Dec 12 20:34:16 +0000 2017,1.0,0.0,0.0,"RT @thegoodfight: Court is back in session. Season 2 of #TheGoodFight premieres March 4, exclusively on CBS All Access: https://t.co/Niu5a8…",92
192,CBS,0.5562,Tue Dec 12 19:04:59 +0000 2017,0.854,0.0,0.146,Only two weeks until The 40th Annual Kennedy Center Honors air on December 26! Look back on four decades of inspiri… https://t.co/z4J8sfs55V,93
193,CBS,0.555,Tue Dec 12 17:13:52 +0000 2017,0.826,0.0,0.174,"Mark your calendars! The 53rd Academy Of Country Music Awards will air Sunday, April 15 on CBS!… https://t.co/yYPc5rCiMW",94
194,CBS,0.8832,Mon Dec 11 21:29:33 +0000 2017,0.636,0.0,0.364,The search is on to find the pro football player with the best off-the-field talent! Vote for your favorite perform… https://t.co/musmVXrRJz,95
195,CBS,0.4939,Mon Dec 11 19:05:21 +0000 2017,0.703,0.086,0.211,RT @MadamSecretary: No D.C. holiday party is complete without some political persuasion and a covert sting to bust a corrupt senator. ??? S…,96
196,CBS,-0.2263,Mon Dec 11 00:26:50 +0000 2017,0.917,0.083,0.0,"Due to NFL overrun, CBS is delayed 8 mins in the following ET &amp; CT markets: Hunstville, AL, Bowling Green, KY, MS,… https://t.co/gbwhgooEQd",97
197,CBS,-0.2263,Mon Dec 11 00:25:54 +0000 2017,0.913,0.087,0.0,"Due to NFL overrun CBS is delayed 7 mins in the following ET &amp; CT markets Tampa, Chicago, Maryland, Michigan, Wash… https://t.co/driVgCiX7D",98
198,CBS,0.0772,Sun Dec 10 22:49:02 +0000 2017,0.936,0.0,0.064,"RT @NoActivityCBS: If you want the intel, you get the tickles. ? Stream the first 5 episodes of #NoActivity now: https://t.co/Wzq9bVOhGN ht…",99
199,CBS,0.0,Sun Dec 10 22:48:46 +0000 2017,1.0,0.0,0.0,RT @startrekcbs: .@albinokid and @wcruz73 are breaking new ground in #StarTrekDiscovery. ???? Stream chapter 1 on CBS All Access: https://t…,100
200,fox,-0.4391,Tue Jan 09 01:22:49 +0000 2018,0.868,0.132,0.0,"I really dislike that seemingly the only way to catch up with people is coffee or, more predominantly, booze. This… https://t.co/OWcuqPG6Sm",1
201,fox,0.0,Tue Jan 09 01:12:42 +0000 2018,1.0,0.0,0.0,"@lynnandtonic Never read the comments, especially from white men.",2
202,fox,0.6369,Mon Jan 08 22:00:37 +0000 2018,0.724,0.0,0.276,@ohhoe best headphones I’ve ever owned after actually expensive on-ears. they’re magical.,3
203,fox,0.128,Mon Jan 08 21:49:19 +0000 2018,0.923,0.0,0.077,"Same sex marriage is legal in Australia, which means you have to fix your exclusionary forms. (ht @developerjack)

https://t.co/SCN53u7cEG",4
204,fox,0.765,Mon Jan 08 21:47:08 +0000 2018,0.752,0.0,0.248,"I’ve spoken at @nordicjs in 2017, and as a fellow organiser, I can easily say it’s one of the best events out there… https://t.co/PoI0fSbmZs",5
205,fox,0.0,Mon Jan 08 11:00:58 +0000 2018,1.0,0.0,0.0,"@mountain_ghosts A bunch of repos on Github and random tweets, mostly.",6
206,fox,0.7003,Mon Jan 08 10:20:35 +0000 2018,0.755,0.0,0.245,"RT @jesslynnrose: Want to share your ideas with the world?

I'm running a free webinar series on public speaking, aimed at getting you on s…",7
207,fox,-0.3818,Mon Jan 08 09:52:20 +0000 2018,0.708,0.181,0.111,"?

“White privilege is an absence of cultural expectations, an absence of violence enacted on your ancestors becaus… https://t.co/kJKIJNWWHz",8
208,fox,0.1531,Mon Jan 08 09:41:04 +0000 2018,0.929,0.0,0.071,"“We placate ourselves with the fallacy of meritocracy by insisting that we just don’t see race.

To claim to not se… https://t.co/L54TTWldnG",9
209,fox,0.0,Mon Jan 08 07:22:13 +0000 2018,1.0,0.0,0.0,"Squad goals—Natalie Portman.

https://t.co/TQH3F728SJ",10
210,fox,0.296,Mon Jan 08 05:11:05 +0000 2018,0.901,0.0,0.099,"@web_goddess Yep, the cost depends on the amount of tickets. We also have to find people to cover childcare + live… https://t.co/xVm6lpxQBg",11
211,fox,0.3182,Mon Jan 08 05:08:00 +0000 2018,0.909,0.0,0.091,"“For too long women have not been heard or believed if they dared to speak the truth to power. 

The time of brutal… https://t.co/Zjh4q1rKZq",12
212,fox,0.802,Mon Jan 08 05:04:22 +0000 2018,0.455,0.0,0.545,@butwhoiskat Email is best :) hi at thefox.is.,13
213,fox,0.0,Sun Jan 07 23:36:57 +0000 2018,1.0,0.0,0.0,@callmevlad What I mean is that organisations don’t recognise community work as “valuable experience” outside of re… https://t.co/1ATdscBocn,14
214,fox,-0.296,Sun Jan 07 23:17:28 +0000 2018,0.476,0.524,0.0,STOP WHITEWASHING DIVERSITY.,15
215,fox,0.636,Sun Jan 07 23:17:08 +0000 2018,0.193,0.0,0.807,@MylesBorins congratulations! ?,16
216,fox,-0.6478,Sun Jan 07 23:15:04 +0000 2018,0.763,0.237,0.0,"What really annoys me is no companies recognising community work while here I am doing product, sales, design, deve… https://t.co/47OqLDUqux",17
217,fox,-0.5707,Sun Jan 07 23:06:14 +0000 2018,0.39,0.61,0.0,"@maybekatz no bras, no masters!",18
218,fox,0.5267,Sun Jan 07 22:06:10 +0000 2018,0.708,0.066,0.226,"@web_goddess Yep, there’s nothing here for senior staff. I wouldn’t look for opportunities in Australia. The pay is… https://t.co/VD7wDv6qzf",19
219,fox,-0.2862,Sun Jan 07 21:27:38 +0000 2018,0.745,0.153,0.102,"It’s deeply saddening to see very little to zero commitment to progressing the tech industry, especially from tech giants.",20
220,fox,0.6486,Sun Jan 07 21:23:06 +0000 2018,0.762,0.0,0.238,To make it clear: the support for JSConf and CSSConf Australia diversity programs comes from a few smaller Australi… https://t.co/P4oOemtIJL,21
221,fox,0.0,Sun Jan 07 06:04:08 +0000 2018,1.0,0.0,0.0,I’ve spent a little bit of time with my photo backlog today and decided to publish a few selected shots to… https://t.co/Erhjfvffzs,22
222,fox,0.8122,Sun Jan 07 04:16:20 +0000 2018,0.682,0.0,0.318,"@unsplash ????? That makes sense, thank you! 

Probably good idea to add it somewhere to the help section as I coul… https://t.co/wWyZEK5Lew",23
223,fox,0.0,Sun Jan 07 04:10:19 +0000 2018,1.0,0.0,0.0,"RT @LilyEvansMFC: Why some women are ""rude"" or ""cold"" or ""standoffish"" to men in public: a thread",24
224,fox,0.4754,Sun Jan 07 03:59:03 +0000 2018,0.655,0.116,0.229,"RT @veryann0yed: Reasons to hit the gym that aren’t patriarchal beauty standards:
- outrun the cops
- outlive ur enemies
- more stamina for…",25
225,fox,0.0772,Sun Jan 07 01:41:59 +0000 2018,0.642,0.195,0.163,"@unsplash ? are uploads limited in quantity? I can find the limit in the UI, but no help articles.",26
226,fox,0.6369,Sat Jan 06 22:42:50 +0000 2018,0.826,0.0,0.174,@EmilyGorcenski This reminds me of the best sign I’ve seen at a pharmacy in Australia. Must be in the men’s section. https://t.co/VdKV6HXbIL,27
227,fox,0.0,Sat Jan 06 22:29:07 +0000 2018,1.0,0.0,0.0,Went to see Jungle for the second time yesterday. First row. ? (iPhone X) https://t.co/wTD2cq8JJQ,28
228,fox,0.0,Sat Jan 06 22:24:27 +0000 2018,1.0,0.0,0.0,@anubhamane ??,29
229,fox,0.0,Sat Jan 06 22:24:22 +0000 2018,1.0,0.0,0.0,"RT @anubhamane: Followong the tips given by @fox , this time I didn't copy but myself wrote code of conduct for an upcoming Python event. T…",30
230,fox,-0.8957,Fri Jan 05 23:47:14 +0000 2018,0.458,0.448,0.095,"Finally @jack confirms that “world leaders” can freely incite violence, harass and abuse on Twitter because no rule… https://t.co/Vp8OS6igOO",31
231,fox,0.0,Fri Jan 05 21:43:52 +0000 2018,1.0,0.0,0.0,@Shpigford Doesn’t have cables would probably yield millions too.,32
232,fox,0.6808,Fri Jan 05 21:43:06 +0000 2018,0.704,0.049,0.246,"RT @frameshiftllc: Ask me about giving this talk at your tech company, on how it can implement the Paradox of Tolerance while valuing free…",33
233,fox,0.0,Fri Jan 05 21:42:45 +0000 2018,1.0,0.0,0.0,@waferbaby Dan you should know how to Australia properly,34
234,fox,0.0,Fri Jan 05 21:41:49 +0000 2018,1.0,0.0,0.0,RT @mspowahs: Pictured: the difference between diversity and inclusion https://t.co/7lNrn04mhC,35
235,fox,0.0,Fri Jan 05 20:34:32 +0000 2018,1.0,0.0,0.0,RT @mspowahs: trans femgineer culture is having to email the organizers of all the WOMEN WHO ______ events to specifically verify trans inc…,36
236,fox,0.4588,Fri Jan 05 20:25:36 +0000 2018,0.824,0.0,0.176,@bitandbang ?? I’ve seen it around. I’ll have a look once be CFP is out. :),37
237,fox,0.8399,Fri Jan 05 20:24:49 +0000 2018,0.667,0.0,0.333,@lsmith The changes were dropped. I’m happy with it as I have very supportive patrons. It’s nice to have some rewar… https://t.co/aYtblwqCDG,38
238,fox,0.0,Fri Jan 05 09:44:04 +0000 2018,1.0,0.0,0.0,@lsmith not yet.,39
239,fox,0.4019,Fri Jan 05 05:56:56 +0000 2018,0.886,0.0,0.114,"@Asher_Wolf do you maybe know any orgs who would help or could you aid in spreading the word to Aussies? ?? 

https://t.co/vbGV6k7BOw",40
240,fox,0.8705,Fri Jan 05 05:15:16 +0000 2018,0.659,0.0,0.341,"We’re able to welcome ~25 people at this moment, but would love to extend an invitation to all of the participants.… https://t.co/exEBivbYdG",41
241,fox,0.4574,Fri Jan 05 05:09:23 +0000 2018,0.87,0.0,0.13,If you know or run a company in Australia (or anywhere!) that could help us send 62 people from underrepresented gr… https://t.co/PP59RvFvfR,42
242,fox,0.4939,Fri Jan 05 05:02:08 +0000 2018,0.833,0.0,0.167,"If you want to have a real impact and lives of underrepresented groups, here’s a good way to do it. DM or email. (t… https://t.co/IRKxHrlsFw",43
243,fox,0.4767,Fri Jan 05 03:17:43 +0000 2018,0.838,0.0,0.162,"Hi friends ?? I’m looking to give a few talks about web performance, front-end and industry culture/ethics/inclusio… https://t.co/a4lsrCTiGO",44
244,fox,0.5081,Fri Jan 05 02:40:13 +0000 2018,0.838,0.0,0.162,"@TrentWalton Ohhh, that’s really interesting to me! 

That’s exactly why we’ve built in JavaScript timing metrics i… https://t.co/zhtFl9mKTy",45
245,fox,0.25,Fri Jan 05 02:33:30 +0000 2018,0.895,0.0,0.105,? We’ve just released 12 new regions for testing performance in @calibreapp so you can implement a comprehensive pe… https://t.co/Y9fOukXkix,46
246,fox,0.6705,Fri Jan 05 00:27:18 +0000 2018,0.792,0.0,0.208,"RT @jesslynnrose: Do your resolutions include getting up on stage to share your ideas with the world?

I'm running a series of 4 free webin…",47
247,fox,0.3875,Fri Jan 05 00:10:05 +0000 2018,0.873,0.0,0.127,"Hey @BelugaCDN, you know it’s not on to steal copyrighted photography for your marketing, right? Take this down.

https://t.co/iXrSUB6ke1",48
248,fox,0.4019,Fri Jan 05 00:02:19 +0000 2018,0.886,0.0,0.114,Published an interesting article or a talk about web performance within the last month? Hit me up so I can put it i… https://t.co/l6sgN6RuKb,49
249,fox,0.4939,Thu Jan 04 23:26:27 +0000 2018,0.833,0.0,0.167,"RT @compassioncode: What exactly is a compassionate workplace?

There's common ground here, regardless of sector.

Graphic from https://t.c…",50
250,fox,0.7717,Thu Jan 04 23:01:12 +0000 2018,0.66,0.0,0.34,@sw @mbrianaepler I’m happy to follow the process. I’ll apply as everyone else does. :),51
251,fox,0.0,Thu Jan 04 22:41:04 +0000 2018,1.0,0.0,0.0,@jyhsu It was incredibly liberating to learn that. So many times I get an email with “please give me advice” or mul… https://t.co/mqLwAH9ssU,52
252,fox,0.7901,Thu Jan 04 22:34:20 +0000 2018,0.742,0.0,0.258,"RT @selfwchronicles: It's easy to feel like we owe everyone around us something, truth is, we don't. Turn that ROI back to you! ? And for y…",53
253,fox,-0.34,Thu Jan 04 22:24:24 +0000 2018,0.764,0.142,0.094,"RT @justkelly_ok: If you're a woman in crisis, don't use PayPal to solicit donations to help. They aren't letting me access the money in my…",54
254,fox,0.1511,Thu Jan 04 21:54:43 +0000 2018,0.8,0.088,0.112,@mbrianaepler Thank you for the link! I had no idea you were even looking for speakers. I’ve been doing D&amp;I for a w… https://t.co/8CQcSP0Jhx,55
255,fox,0.4926,Thu Jan 04 21:53:35 +0000 2018,0.868,0.0,0.132,"@mbrianaepler Hey, I’ve had a look at previous lineups and they look good! It’s just that the event is very soon an… https://t.co/CVj9PmIXWE",56
256,fox,0.1531,Thu Jan 04 15:08:58 +0000 2018,0.909,0.0,0.091,"ICYMI: I’ve written my #2018Liberation list. 

To a lot of thankless emotional, professional labour at the expense… https://t.co/yUic9Auf6W",57
257,fox,0.8883,Thu Jan 04 09:33:58 +0000 2018,0.604,0.0,0.396,"One of the best thing ever is having a network of supportive, completely amazing women and other URMs around you.

?",58
258,fox,0.3723,Thu Jan 04 09:31:57 +0000 2018,0.619,0.142,0.238,"@catehstn I was very angry writing this, but I guess now I feel better.

???????",59
259,fox,0.4019,Thu Jan 04 09:21:07 +0000 2018,0.722,0.0,0.278,"@anialdam I’ve stepped down, accordingly to my values.",60
260,fox,0.8126,Thu Jan 04 09:19:15 +0000 2018,0.56,0.082,0.358,"Thanks for the inspiration to @catehstn and @ekp, I’ve just published my #2018Liberation list.

No to free emotiona… https://t.co/1dXyuvyFue",61
261,fox,0.7845,Thu Jan 04 08:51:38 +0000 2018,0.717,0.0,0.283,"RT @aedison: “Sure, diversity is important, but what about diversity of ideas? Like the idea that chancers like me should have a voice even…",62
262,fox,0.0,Thu Jan 04 08:51:26 +0000 2018,1.0,0.0,0.0,Go Iceland! https://t.co/4MK0q7XA6F,63
263,fox,0.3612,Thu Jan 04 07:39:37 +0000 2018,0.667,0.0,0.333,@coryannj Can’t like this enough. *lolsob*,64
264,fox,0.0762,Thu Jan 04 07:22:25 +0000 2018,0.929,0.0,0.071,"@coryannj @LaunchVIC @techinclusionco same. Firstly, I’m not going to pay for an event without a lineup (that I’ve… https://t.co/ZMVS6jklbA",65
265,fox,-0.7818,Thu Jan 04 07:14:33 +0000 2018,0.724,0.276,0.0,"I’m so frustrated and tired by the treatment towards URMs in the industry.

Sitting down with cheese, quince paste… https://t.co/aPaE4B2Bex",66
266,fox,0.0516,Thu Jan 04 07:10:00 +0000 2018,0.714,0.137,0.148,"@coryannj @LaunchVIC @techinclusionco Oh, the classic LaunchVic and StartupVic ignore move. Not promising, as usual.",67
267,fox,0.6249,Thu Jan 04 07:05:54 +0000 2018,0.423,0.0,0.577,@_satelliteeyes Awesome list ??,68
268,fox,0.5994,Thu Jan 04 07:03:41 +0000 2018,0.786,0.0,0.214,Sit on it for a second to realize that it’s an unwarranted ask for free emotional labor and professional expertise… https://t.co/QANO9Hv1vH,69
269,fox,0.0772,Thu Jan 04 07:01:28 +0000 2018,0.936,0.0,0.064,What I want people to finally understand is that asking underrepresented groups to fix or advise on diversity and i… https://t.co/DqELqY1lu3,70
270,fox,-0.5563,Thu Jan 04 06:57:51 +0000 2018,0.807,0.193,0.0,"RT @aprilwensel: The term ""girls"" infantilizes adult women and is particularly damaging in a professional context. https://t.co/7w0xS6UebP…",71
271,fox,0.7964,Thu Jan 04 05:22:15 +0000 2018,0.677,0.0,0.323,"Help women, people of color, people with disabilities and LGBTQI get hired. Help them speak at conferences. Help th… https://t.co/iUSHxJPFPs",72
272,fox,0.3274,Thu Jan 04 05:20:52 +0000 2018,0.914,0.0,0.086,RT @angieg0nzalez: Hi friends! My name is Angie. I work as a QA intern at a company in SoCal but Im looking to transition to web dev in the…,73
273,fox,0.0,Thu Jan 04 04:59:07 +0000 2018,1.0,0.0,0.0,@callmevlad ?,74
274,fox,0.0,Thu Jan 04 04:40:12 +0000 2018,1.0,0.0,0.0,"But... who’s speaking @LaunchVIC, @techinclusionco? How’s the community included? https://t.co/9O5zIMu53X",75
275,fox,0.8771,Thu Jan 04 04:19:05 +0000 2018,0.628,0.0,0.372,"Really happy with our @JSConfAU lineup this year. 

Look at those wonderful, diverse faces so far. Warms my heart. https://t.co/rIT7nMNDSM",76
276,fox,0.0258,Thu Jan 04 04:15:40 +0000 2018,0.783,0.106,0.111,Just dropped out of a conference that’d probably bring me professional and monetary gains due to lack of diversity.… https://t.co/Ys8MG4KhhK,77
277,fox,0.4199,Thu Jan 04 03:48:19 +0000 2018,0.859,0.0,0.141,"Thank you for mentioning my State of the Web article in 2018 Front-end Performance Checklist, @smashingmag! ??

https://t.co/couGDoGuyE",78
278,fox,0.9364,Thu Jan 04 02:39:32 +0000 2018,0.459,0.0,0.541,"@Mandy_Kerr Haha, there are far better specialists, but thank you! ?

Hope you’ll find a bunch of helpful tips there!",79
279,fox,0.0,Thu Jan 04 02:37:22 +0000 2018,1.0,0.0,0.0,"@Mandy_Kerr I got u girl: https://t.co/ThkIjV5euO

(My thoughts plus a handful of resources.)",80
280,fox,0.3182,Thu Jan 04 02:24:39 +0000 2018,0.892,0.0,0.108,"If you can spare a few dollars, please donate for Kelly. She’s an extraordinary activist and is currently being dox… https://t.co/9xSCDcVyYr",81
281,fox,0.4939,Thu Jan 04 01:07:57 +0000 2018,0.617,0.142,0.241,"RT @justkelly_ok: ""I will be a hero for men's freedom once she gets raped and killed."" 
- Alex Gulakov

Police need to take this seriously.…",82
282,fox,-0.296,Thu Jan 04 00:54:16 +0000 2018,0.476,0.524,0.0,@rcgonzalezf What? No.,83
283,fox,-0.7453,Thu Jan 04 00:46:53 +0000 2018,0.581,0.318,0.101,I’m really tired of trusting people to do the right thing and then being disappointed. Or forced to send recommenda… https://t.co/QNPXPLNv7x,84
284,fox,-0.7003,Thu Jan 04 00:42:55 +0000 2018,0.693,0.259,0.047,RT @taylor_ortega: ATTN MEN: Being suddenly scared all the time is no excuse for reduced productivity. If you’re unsure how to balance work…,85
285,fox,0.2732,Thu Jan 04 00:40:49 +0000 2018,0.9,0.0,0.1,"I’ve agreed to speak at a conference relevant to my work, pointing out to my diversity and inclusion requirements a… https://t.co/Zypqo1Ufa6",86
286,fox,0.2481,Thu Jan 04 00:38:54 +0000 2018,0.875,0.0,0.125,RT @OliviaHelenS: @fox Growing list of women in STEAM who conference organizers can call! https://t.co/scDvBShbDh,87
287,fox,0.6084,Thu Jan 04 00:30:23 +0000 2018,0.706,0.055,0.24,"RT @techevangelista: Made disabledintech Slack for disabled peeps in tech, not sure if anyone will want to join, but whatever lol

(if you'…",88
288,fox,0.4588,Thu Jan 04 00:27:51 +0000 2018,0.7,0.0,0.3,@mge_de It’s the Twitter thread endless mention™ haha.,89
289,fox,0.0,Thu Jan 04 00:24:58 +0000 2018,1.0,0.0,0.0,RT @lateeshathomas: Looking for a space/company to host a 250-300 person conference for non-binary + women devs this summer in NYC. Open to…,90
290,fox,0.4767,Thu Jan 04 00:24:35 +0000 2018,0.523,0.137,0.34,"@mge_de Hey, could you please drop me from this thread? Thanks.",91
291,fox,0.4588,Thu Jan 04 00:08:23 +0000 2018,0.75,0.0,0.25,"@anildash But a churro is the mango of sweet snacks, Anil.",92
292,fox,0.5984,Thu Jan 04 00:00:56 +0000 2018,0.507,0.0,0.493,"@justkelly_ok you’re a fucking hero, Kelly",93
293,fox,0.2023,Thu Jan 04 00:00:31 +0000 2018,0.904,0.0,0.096,@Mandy_Kerr Now this is a vibe I subscribe to. Consider playing Poolside in the background for ultimate beach vibes… https://t.co/QAl6ur7xUq,94
294,fox,0.8966,Wed Jan 03 22:08:02 +0000 2018,0.316,0.0,0.684,"@itsmisscs haha, oh dear that was so great ?",95
295,fox,0.6115,Wed Jan 03 21:55:50 +0000 2018,0.75,0.0,0.25,"This so excellent. A #2018Liberation list by @catehstn. 

*sits down to write hers*

https://t.co/Rov8zDJTDc",96
296,fox,0.5256,Wed Jan 03 20:57:01 +0000 2018,0.848,0.0,0.152,"RT @vaurorapub: OMG totally impressed with the speaker lineup for @tech_intersect, a conference with 100% women of color attendees and spea…",97
297,fox,0.0772,Wed Jan 03 19:46:00 +0000 2018,0.942,0.0,0.058,RT @StephRCaudle: @fox I want to attend some tech conferences this year if anyone wants to give an underrepresented founder who is building…,98
298,fox,-0.6249,Wed Jan 03 09:47:29 +0000 2018,0.796,0.204,0.0,“The journey towards understanding structural racism still requires people of color to prioritize white feelings. E… https://t.co/HPQTbKBsHs,99
299,fox,-0.765,Wed Jan 03 09:07:52 +0000 2018,0.708,0.292,0.0,@danrubin I saw :( I hate when people don’t follow the instructions about approaching and feeding animals. You can… https://t.co/1MrY0pjqMC,100
300,CNN,0.4404,Tue Jan 09 02:26:29 +0000 2018,0.868,0.0,0.132,Fans waiting in the rain for the college football playoff championship game in Atlanta had a mixed reaction to Pres… https://t.co/20nw3IDvxr,1
301,CNN,0.0,Tue Jan 09 02:21:06 +0000 2018,1.0,0.0,0.0,President Donald Trump has tasked chief of staff John Kelly with shepherding his immigration proposals through Cong… https://t.co/XZjr81vYdH,2
302,CNN,0.2235,Tue Jan 09 02:11:07 +0000 2018,0.9,0.0,0.1,The White House re-nominates KT McFarland for an administrative post despite warnings from Democrats they are unlik… https://t.co/VP6E0NKcQg,3
303,CNN,0.3612,Tue Jan 09 02:05:19 +0000 2018,0.865,0.0,0.135,"H&amp;M apologizes for using a black child to model a sweatshirt with a ""coolest monkey in the jungle"" slogan… https://t.co/AdWpHyCdMX",4
304,CNN,0.2023,Tue Jan 09 02:01:06 +0000 2018,0.899,0.0,0.101,Pope Francis once again tells breastfeeding moms it's fine to feed hungry babies in church https://t.co/Fcg6WgY1nZ https://t.co/EPlm7dqr6H,5
305,CNN,0.296,Tue Jan 09 01:51:06 +0000 2018,0.885,0.0,0.115,President Trump signed a measure creating a new national historic park for Martin Luther King Jr. during a trip to… https://t.co/pb2SeMsNTL,6
306,CNN,0.4939,Tue Jan 09 01:43:04 +0000 2018,0.814,0.0,0.186,An adorable little boy and his toy car crashed this Al Jazeera interview https://t.co/KR9NMahw3g https://t.co/eOQH9BqMn6,7
307,CNN,0.296,Tue Jan 09 01:36:29 +0000 2018,0.896,0.0,0.104,"""I'm going to tell you a quick story"": Asked what he thinks of the prospect of Oprah Winfrey making a presidential… https://t.co/1YyNLqZ5zW",8
308,CNN,0.34,Tue Jan 09 01:31:55 +0000 2018,0.893,0.0,0.107,"RT @OutFrontCNN: As it was reported that President Donald Trump spends three hours every morning engaging in ""executive time,"" the internet…",9
309,CNN,0.0,Tue Jan 09 01:31:05 +0000 2018,1.0,0.0,0.0,Who is Kim Jong Un? Separating myth from fact https://t.co/YLfj9DqP4A https://t.co/QniGwENk8W,10
310,CNN,0.4019,Tue Jan 09 01:30:05 +0000 2018,0.886,0.0,0.114,RT @AC360: Lawyers for President Trump are anticipating a request for him to talk to special counsel Robert Mueller and are discussing how…,11
311,CNN,0.4404,Tue Jan 09 01:27:10 +0000 2018,0.818,0.0,0.182,Everything you need to know about the College Football Playoff National Championship https://t.co/VSuaI8RhUz https://t.co/NSbp3Xsllt,12
312,CNN,0.0,Tue Jan 09 01:21:31 +0000 2018,1.0,0.0,0.0,"In a 1999 interview with Larry King, Donald Trump said that his first choice for a running mate would be Oprah Winf… https://t.co/SKcvqZNmkD",13
313,CNN,0.0,Tue Jan 09 01:13:55 +0000 2018,1.0,0.0,0.0,Removing a President using the 25th amendment would require a political apocalypse | Analysis by @zbyronwolf … https://t.co/yShbc1wTbN,14
314,CNN,0.0,Tue Jan 09 01:02:13 +0000 2018,1.0,0.0,0.0,"Democratic Sen. Kirsten Gillibrand, who has been mentioned as a formidable 2020 presidential candidate, said Oprah… https://t.co/F0mf8kshh5",15
315,CNN,-0.6249,Tue Jan 09 00:57:24 +0000 2018,0.769,0.231,0.0,"Russia is hindering the fight against ISIS in Syria, an official from the US-led coalition fighting ISIS says… https://t.co/0WKwcifyXp",16
316,CNN,-0.7269,Tue Jan 09 00:50:41 +0000 2018,0.783,0.217,0.0,"Dr. Allen Frances on Donald Trump: ""It's an insult to the mentally ill to say that the reason he shouldn't be in of… https://t.co/Oll3AtFSpM",17
317,CNN,0.0,Tue Jan 09 00:49:17 +0000 2018,1.0,0.0,0.0,"As North Korean representatives prepare to meet their South Korean counterparts for the first time since 2015,… https://t.co/U1swTmjIAk",18
318,CNN,-0.4404,Tue Jan 09 00:47:31 +0000 2018,0.861,0.139,0.0,"Dr. John Gartner: ""I think it's a scandal that Donald Trump is not going to receive a neuropsychological exam durin… https://t.co/pxCbiAGjL5",19
319,CNN,-0.3612,Tue Jan 09 00:33:53 +0000 2018,0.848,0.152,0.0,Republican senators who once criticized Trump have learned how to work with him https://t.co/90bYC9g5YW https://t.co/GOPyYE5JIj,20
320,CNN,0.0,Tue Jan 09 00:16:06 +0000 2018,1.0,0.0,0.0,"Self-driving cars are cruising the Las Vegas streets this week for #CES2018, and anyone can catch a ride… https://t.co/XW4JGUD6jX",21
321,CNN,0.0,Tue Jan 09 00:12:39 +0000 2018,1.0,0.0,0.0,House Minority Leader Nancy Pelosi gave mixed reviews about whether Oprah is the right candidate for Democrats to p… https://t.co/7StEV39KX5,22
322,CNN,0.128,Mon Jan 08 23:56:17 +0000 2018,0.87,0.0,0.13,Exclusive: A pair of lawmakers have unveiled a bipartisan DACA plan https://t.co/qIyLLw6kRM https://t.co/y0eiPfELQl,23
323,CNN,-0.357,Mon Jan 08 23:47:45 +0000 2018,0.879,0.121,0.0,"""They're liars."" Author of bombshell book about President Trump says White House staff isn't being truthful about t… https://t.co/Zppr1JFltm",24
324,CNN,0.0,Mon Jan 08 23:41:03 +0000 2018,1.0,0.0,0.0,"In the US, the rate of children injuring their eyes with air guns skyrocketed between 1990 and 2012… https://t.co/L8kf5i4XhI",25
325,CNN,0.0,Mon Jan 08 23:36:05 +0000 2018,1.0,0.0,0.0,Dennis Kucinich is running for Ohio governor https://t.co/E5UC46PpfJ https://t.co/7aoduYggKS,26
326,CNN,0.4767,Mon Jan 08 23:31:08 +0000 2018,0.687,0.0,0.313,Comedian Stephen Colbert extends Trump satire into animated realm https://t.co/aLHOb2nIsg https://t.co/OuuCeAZgNp,27
327,CNN,0.7717,Mon Jan 08 23:26:07 +0000 2018,0.676,0.0,0.324,Stars transformed the red carpet. Shows featuring women won awards. Then Oprah stole the show.… https://t.co/LztubFPRYP,28
328,CNN,0.0,Mon Jan 08 23:21:05 +0000 2018,1.0,0.0,0.0,"Engineers sue Google, alleging that it discriminates against conservatives, white people and men… https://t.co/mbEteccHTf",29
329,CNN,-0.0258,Mon Jan 08 23:16:09 +0000 2018,0.948,0.052,0.0,President Trump touts the tax law and rural broadband initiative in his speech at the American Farm Bureau in Nashv… https://t.co/pqdIQwejzU,30
330,CNN,-0.3818,Mon Jan 08 23:11:07 +0000 2018,0.612,0.26,0.128,Federal regulators have rejected a controversial Trump administration proposal to subsidize power plants like coal… https://t.co/UJVphl6sjW,31
331,CNN,0.0,Mon Jan 08 23:06:04 +0000 2018,1.0,0.0,0.0,"California Republican Rep. Ed Royce, the chairman of the House Foreign Affairs Committee, will not seek re-election… https://t.co/Ks0o05xBgZ",32
332,CNN,0.2263,Mon Jan 08 23:01:03 +0000 2018,0.759,0.101,0.139,"Fact-checking Michael Wolff: @CNNOpinion asked experts on free press and the presidency to weigh in on ""Fire and Fu… https://t.co/pRjNINHt1J",33
333,CNN,-0.5719,Mon Jan 08 22:56:02 +0000 2018,0.778,0.222,0.0,Rex Tillerson stands his ground in the face of Trump administration chaos https://t.co/qzeifFO9v0 https://t.co/hGucqUDtfo,34
334,CNN,0.3612,Mon Jan 08 22:47:11 +0000 2018,0.848,0.0,0.152,An Oprah campaign might (literally) look like this | Analysis by CNN's Brenna Williams https://t.co/Ke1NPDqEJJ https://t.co/2lundLwzLH,35
335,CNN,-0.1902,Mon Jan 08 22:40:25 +0000 2018,0.929,0.071,0.0,American voters are big fans of Oprah Winfrey -- but a poll last March found that most didn't want her to run for P… https://t.co/YZlDkM79eM,36
336,CNN,-0.1847,Mon Jan 08 22:32:26 +0000 2018,0.664,0.2,0.136,"""'If you make me happy, I don't care who else you make unhappy' is essentially the US foreign policy now."" - Michae… https://t.co/MTxRWCgA7s",37
337,CNN,0.5859,Mon Jan 08 22:30:46 +0000 2018,0.826,0.0,0.174,It's a complicated political question: How can the GOP give President Trump a win on the wall without alienating De… https://t.co/l517xeC4bQ,38
338,CNN,0.0,Mon Jan 08 22:21:52 +0000 2018,1.0,0.0,0.0,Oprah Winfrey's Golden Globes speech sends Weight Watchers stock soaring https://t.co/jxKSbqlIeM https://t.co/8uTgJhWU7L,39
339,CNN,0.0,Mon Jan 08 22:20:38 +0000 2018,1.0,0.0,0.0,"The Trump administration's decision to end a program that allowed about 250,000 Salvadorans to stay in the US could… https://t.co/V7K7ol43sK",40
340,CNN,0.0516,Mon Jan 08 22:16:20 +0000 2018,0.644,0.155,0.201,"The United States has the worst overall child mortality rate compared with those of 19 other wealthy nations, accor… https://t.co/CqdrL3NDSQ",41
341,CNN,0.0,Mon Jan 08 22:15:10 +0000 2018,1.0,0.0,0.0,"Meet Kathryn Smith, the first woman to become a full-time coach in the NFL.

#BossFiles with @PoppyHarlowCNN: 

Lis… https://t.co/DeAwBuIWZX",42
342,CNN,-0.8271,Mon Jan 08 22:03:32 +0000 2018,0.661,0.339,0.0,"""Fire and Fury"" author Michael Wolff says 100 percent of the people around the President believe he's incapable of… https://t.co/3hlV1S4Fl4",43
343,CNN,0.25,Mon Jan 08 22:00:52 +0000 2018,0.889,0.0,0.111,"The Trump administration will end protections for more than 200,000 Salvadorans, granted by the Bush administration… https://t.co/1VK579Z9YB",44
344,CNN,-0.296,Mon Jan 08 21:50:49 +0000 2018,0.891,0.109,0.0,"No, this is not a painting. It’s a NASA image of Jupiter’s swirling cloud systems, enhanced by two citizen scientis… https://t.co/noHxYkVubP",45
345,CNN,0.3612,Mon Jan 08 21:48:30 +0000 2018,0.872,0.0,0.128,RT @CNNPolitics: An Oprah campaign might (literally) look like this | GIF analysis by CNN's Brenna Williams https://t.co/lgzE55uWJM https:/…,46
346,CNN,0.0,Mon Jan 08 21:34:04 +0000 2018,1.0,0.0,0.0,"Ibuprofen taken in doses commonly used by athletes may be linked to male infertility, a new study finds… https://t.co/btQxlo1oMG",47
347,CNN,-0.0516,Mon Jan 08 21:33:06 +0000 2018,0.821,0.093,0.086,"RT @TheLeadCNN: .@jaketapper: It is difficult to ascertain just what the truth is behind the “Fire and Fury” book since frankly, we have tw…",48
348,CNN,0.0,Mon Jan 08 21:32:39 +0000 2018,1.0,0.0,0.0,"""Every time the President tweets, the White House goes into a spasm."" Michael Wolff, the author of a bombshell book… https://t.co/mym8M9TXNM",49
349,CNN,0.4019,Mon Jan 08 21:27:49 +0000 2018,0.876,0.0,0.124,Lawyers for President Trump are anticipating a request for him to talk to special counsel Robert Mueller and are di… https://t.co/H0GtSPBa4v,50
350,CNN,0.4019,Mon Jan 08 21:21:23 +0000 2018,0.876,0.0,0.124,Lawyers for President Trump are anticipating a request for him to talk to special counsel Robert Mueller and are di… https://t.co/31FUpEnFg5,51
351,CNN,0.0,Mon Jan 08 21:20:12 +0000 2018,1.0,0.0,0.0,"Facebook is shutting down M, an automated personal assistant once thought to be a text-based answer to services lik… https://t.co/IKo3o3oWpz",52
352,CNN,0.6124,Mon Jan 08 21:08:39 +0000 2018,0.773,0.0,0.227,"Apple has released new security updates for iPhones, iPads, and Macs to protect users from the Spectre flaw… https://t.co/4FBhnud18f",53
353,CNN,0.0,Mon Jan 08 21:06:13 +0000 2018,1.0,0.0,0.0,"Oprah would make an exceptional president, writes @sallykohn for @CNNOpinion https://t.co/Jr0RXSTf7a https://t.co/VHguceyOcp",54
354,CNN,0.0,Mon Jan 08 21:02:05 +0000 2018,1.0,0.0,0.0,"Michael Wolff, the author of a book that has driven a wedge between President Trump and Steve Bannon, defends ""Fire… https://t.co/8uzIV8GWXg",55
355,CNN,0.34,Mon Jan 08 20:53:11 +0000 2018,0.876,0.0,0.124,Visa and Aflac are boosting their 401(k) match in the wake of the GOP tax overhaul https://t.co/IYfE1SdJuA https://t.co/EF4avE0WbX,56
356,CNN,0.0,Mon Jan 08 20:46:11 +0000 2018,1.0,0.0,0.0,Pizza Hut is working on self-driving delivery trucks https://t.co/mtI2ynCP2I https://t.co/sZegOnd6Xq,57
357,CNN,0.0,Mon Jan 08 20:32:04 +0000 2018,1.0,0.0,0.0,"Rancher Cliven Bundy was released from custody Monday, according to his attorney https://t.co/7UQuRecyt1 https://t.co/H97rUymsVk",58
358,CNN,0.2023,Mon Jan 08 20:27:08 +0000 2018,0.899,0.0,0.101,Pope Francis once again tells breastfeeding moms it's fine to feed hungry babies in church https://t.co/tFIN9QfeKR https://t.co/9or9PSCDBe,59
359,CNN,-0.4215,Mon Jan 08 20:24:20 +0000 2018,0.81,0.138,0.052,"Michael Wolff: Steve Bannon's recent statement backing away from his criticism of Donald Trump Jr. is ""not true""… https://t.co/00QCBKJyx8",60
360,CNN,0.0,Mon Jan 08 20:20:18 +0000 2018,1.0,0.0,0.0,A record-breaking 22 women are now serving in the US Senate https://t.co/rk4tZEaqDm https://t.co/kIjVa9H0PJ,61
361,CNN,0.0,Mon Jan 08 20:10:03 +0000 2018,1.0,0.0,0.0,Here's what Oprah Winfrey said at the Golden Globes last night https://t.co/oJ7E60GG4j https://t.co/uLfVv6EqVR,62
362,CNN,0.0,Mon Jan 08 20:03:22 +0000 2018,1.0,0.0,0.0,A conservative watchdog group led by Steve Bannon tried to discredit Donald Trump in the early stages of the 2016 G… https://t.co/ogV8AHK2fV,63
363,CNN,0.3612,Mon Jan 08 20:00:20 +0000 2018,0.865,0.0,0.135,"H&amp;M apologizes for using a black child to model a sweatshirt with a ""coolest monkey in the jungle"" slogan… https://t.co/3LncKlJR4M",64
364,CNN,0.3612,Mon Jan 08 20:00:06 +0000 2018,0.857,0.0,0.143,"With the press of a button, LG Display's 65-inch screen rolls up like a yoga mat https://t.co/8iKXUOG0G0 https://t.co/YUPG0FinkM",65
365,CNN,-0.6597,Mon Jan 08 19:50:11 +0000 2018,0.804,0.196,0.0,"Just in: Mitt Romney was treated for prostate cancer over the summer. Source says his prognosis is ""good""… https://t.co/rQjpinr0Jj",66
366,CNN,0.0,Mon Jan 08 19:40:06 +0000 2018,1.0,0.0,0.0,The world's most punctual airports and airlines in 2018 revealed https://t.co/8BdoyelPs8 https://t.co/7KBcoYu2kb,67
367,CNN,-0.0516,Mon Jan 08 19:30:07 +0000 2018,0.946,0.054,0.0,"Vice President Mike Pence will leave late next week for a Middle East trip that will take him to Egypt, Jordan and… https://t.co/B01uWHpDcy",68
368,CNN,0.0,Mon Jan 08 19:20:09 +0000 2018,1.0,0.0,0.0,"This is where the jobs are, and where they're not https://t.co/6qcbwqeiS6 https://t.co/fxOf8dOwGF",69
369,CNN,0.0,Mon Jan 08 19:10:06 +0000 2018,1.0,0.0,0.0,“I wasn't about the naysayers. I wanted to work extra hard”: How Kathryn Smith defied the odds and became the first… https://t.co/hpFdpgUDvW,70
370,CNN,-0.6486,Mon Jan 08 19:00:10 +0000 2018,0.699,0.301,0.0,64 migrants believed dead after boat sinks in Mediterranean https://t.co/r0MpOLqXq6 https://t.co/zVdhV20jPY,71
371,CNN,0.0,Mon Jan 08 18:50:11 +0000 2018,1.0,0.0,0.0,6 times Oprah stoked or shot down 2020 speculation https://t.co/A0QTKeWeFZ https://t.co/ylR5k2sYrx,72
372,CNN,0.0,Mon Jan 08 18:40:11 +0000 2018,1.0,0.0,0.0,"If Mitt Romney wants to become Utah's next senator, there's virtually nothing standing in the 2012 Republican presi… https://t.co/8reKntl31h",73
373,CNN,0.0,Mon Jan 08 18:30:56 +0000 2018,1.0,0.0,0.0,"In a 1999 interview with Larry King, Donald Trump said that his first choice for a running mate would be Oprah Winf… https://t.co/l5XPljN5VS",74
374,CNN,0.0,Mon Jan 08 18:20:07 +0000 2018,1.0,0.0,0.0,Removing a President using the 25th amendment would require a political apocalypse | Analysis by @zbyronwolf … https://t.co/l9XrU8kDSX,75
375,CNN,0.8126,Mon Jan 08 18:10:16 +0000 2018,0.684,0.0,0.316,"""She knows how to win""

""I adore Oprah""

Here's what Trump tweeted about Oprah in 2012: https://t.co/UNHSF2P0ZI https://t.co/G5eun8bAkk",76
376,CNN,0.6705,Mon Jan 08 18:00:16 +0000 2018,0.718,0.0,0.282,Steve Bannon knows the secret to getting back in Trump's good graces | Analysis by @CillizzaCNN… https://t.co/AdMp3q4TYL,77
377,CNN,0.0,Mon Jan 08 17:52:25 +0000 2018,1.0,0.0,0.0,"Former independent counsel Ken Starr said Monday it's ""probable"" that President Trump will be interviewed face-to-f… https://t.co/Uwg3O0rWHT",78
378,CNN,-0.4215,Mon Jan 08 17:41:55 +0000 2018,0.865,0.135,0.0,"First, a “bomb cyclone” stranded some travelers at JFK Airport for days. Then a water main broke and flooded a bagg… https://t.co/15sydHfrJ8",79
379,CNN,0.6597,Mon Jan 08 17:30:04 +0000 2018,0.759,0.0,0.241,"Oprah Winfrey is actively thinking about running for president in 2020, two of her close friends tell CNN… https://t.co/BpVatGk2IA",80
380,CNN,0.3612,Mon Jan 08 17:20:04 +0000 2018,0.865,0.0,0.135,"H&amp;M apologizes for using a black child to model a sweatshirt with a ""coolest monkey in the jungle"" slogan… https://t.co/0YKh8QiuiU",81
381,CNN,0.0,Mon Jan 08 17:10:11 +0000 2018,1.0,0.0,0.0,Billionaire Democratic megadonor Tom Steyer says he is not running for office in 2018 but will spend $30 million on… https://t.co/v5xdC74n9M,82
382,CNN,0.4404,Mon Jan 08 17:00:04 +0000 2018,0.818,0.0,0.182,Everything you need to know about tonight's College Football Playoff National Championship https://t.co/FhsvOJP9xX https://t.co/bDG4Tvjg7f,83
383,CNN,0.0,Mon Jan 08 16:51:02 +0000 2018,1.0,0.0,0.0,"Sen. Bob Corker, who is traveling today on Air Force One with President Trump, has repaired his relationship with t… https://t.co/08W6Rf7UjF",84
384,CNN,0.5267,Mon Jan 08 16:40:12 +0000 2018,0.638,0.0,0.362,Samantha Barry named Glamour editor-in-chief https://t.co/51ofIh4CKF https://t.co/lQlXBv0giz,85
385,CNN,0.0,Mon Jan 08 16:40:12 +0000 2018,1.0,0.0,0.0,Oprah knew exactly what she was doing on Sunday night | Analysis by @CillizzaCNN https://t.co/xjKabk5X6i https://t.co/cHR4UJaghV,86
386,CNN,0.0,Mon Jan 08 16:30:16 +0000 2018,1.0,0.0,0.0,"Britain's Princess Charlotte, youngest child of the Duke and Duchess of Cambridge, started nursery school on Monday… https://t.co/XQNcXjP0ql",87
387,CNN,0.0,Mon Jan 08 16:20:10 +0000 2018,1.0,0.0,0.0,"In a 1999 interview with Larry King, Donald Trump said that his first choice for a running mate would be Oprah Winf… https://t.co/0MpszMASLR",88
388,CNN,-0.7845,Mon Jan 08 16:12:47 +0000 2018,0.683,0.317,0.0,"Two people injured after a fire broke out on the roof of Trump Tower in New York City, authorities say… https://t.co/ljIDJEyPtm",89
389,CNN,0.8126,Mon Jan 08 16:00:49 +0000 2018,0.684,0.0,0.316,"""She knows how to win""

""I adore Oprah""

Here's what Trump tweeted about Oprah in 2012: https://t.co/5tipFwFnKt https://t.co/FvVhtJwdGI",90
390,CNN,0.2732,Mon Jan 08 15:47:11 +0000 2018,0.89,0.0,0.11,"The Trump administration will end protections for certain nationals of El Salvador, a source familiar with the deci… https://t.co/80O0ZX0BaD",91
391,CNN,-0.5574,Mon Jan 08 15:37:42 +0000 2018,0.825,0.175,0.0,"NOAA announces 2017 was the most expensive year on record for US weather disasters, costing $306 billion… https://t.co/hSUu12Ih9l",92
392,CNN,0.0,Mon Jan 08 15:26:10 +0000 2018,1.0,0.0,0.0,Here's what Oprah Winfrey said at the Golden Globes last night https://t.co/5OhZO0Lf7s https://t.co/92Jg52kiI2,93
393,CNN,0.6597,Mon Jan 08 15:13:17 +0000 2018,0.779,0.0,0.221,"JUST IN: Oprah Winfrey is actively thinking about running for President in 2020, two of her close friends tell CNN… https://t.co/MTOfbFs1hj",94
394,CNN,0.0,Mon Jan 08 14:50:34 +0000 2018,1.0,0.0,0.0,"In the US, the rate of children injuring their eyes with air guns skyrocketed between 1990 and 2012… https://t.co/caDglLpVeh",95
395,CNN,0.7717,Mon Jan 08 14:36:15 +0000 2018,0.676,0.0,0.324,Stars transformed the red carpet. Shows featuring women won awards. Then Oprah stole the show.… https://t.co/UrXYCKACnO,96
396,CNN,0.0,Mon Jan 08 14:20:45 +0000 2018,1.0,0.0,0.0,"Former independent counsel Ken Starr said Monday it's ""probable"" that President Trump will be interviewed face-to-f… https://t.co/ZlUzOPOXsL",97
397,CNN,0.3612,Mon Jan 08 14:05:03 +0000 2018,0.839,0.0,0.161,Oprah's Golden Globes speech sounds like the start of a presidential campaign | via @BrianStelter… https://t.co/MijS85yfB2,98
398,CNN,0.0,Mon Jan 08 13:54:42 +0000 2018,1.0,0.0,0.0,"Meet Kathryn Smith, the first woman to become a full-time coach in the NFL.

#BossFiles with @PoppyHarlowCNN: 

Lis… https://t.co/W2dXx3adXG",99
399,CNN,0.3612,Mon Jan 08 13:39:36 +0000 2018,0.865,0.0,0.135,"H&amp;M apologizes for using a black child to model a sweatshirt with a ""coolest monkey in the jungle"" slogan… https://t.co/y7EbbZfcj5",100
400,BBC,0.296,Mon Jan 08 21:29:44 +0000 2018,0.905,0.0,0.095,"RT @bbc5live: Looking for some exercise and nutrition advice? ?

Joe Wicks, aka @thebodycoach, shares his tips on how to sustain a long ter…",1
401,BBC,0.0,Mon Jan 08 21:29:01 +0000 2018,1.0,0.0,0.0,"RT @bbcasiannetwork: ? The Asian Network Future Sounds 2018 list is live! ?
?? Get these artists on your radar right now ??
@rikaldn 
@nash…",2
402,BBC,-0.1655,Mon Jan 08 21:28:07 +0000 2018,0.831,0.099,0.069,"RT @bbcthesocial: Jordan thought nobody would give him a chance after prison, but now he's training to be a chef 

#IntoIt https://t.co/GVV…",3
403,BBC,0.3182,Mon Jan 08 21:27:12 +0000 2018,0.905,0.0,0.095,"RT @bbcworldservice: ""Our job as journalists is to bring the story back and to make sure that these things are not invisible."" @cmittermeie…",4
404,BBC,-0.25,Mon Jan 08 21:23:06 +0000 2018,0.882,0.118,0.0,RT @BBCiPlayer: ? #HardSun is the new #boxset to get stuck into this week. #iplayerit https://t.co/7AEUPTrmRV https://t.co/DTxDAF4217,5
405,BBC,0.0772,Mon Jan 08 21:22:32 +0000 2018,0.939,0.0,0.061,RT @BBCWthrWatchers: Some cracking sunsets ? in the north of the UK earlier. Cloudier conditions arriving overnight may limit the number of…,6
406,BBC,0.0,Mon Jan 08 20:30:06 +0000 2018,1.0,0.0,0.0,"The #SilentWitness team are back. 

9pm | @BBCOne | https://t.co/nluMqMB9kB https://t.co/XNJzlzoti7",7
407,BBC,0.0,Mon Jan 08 20:04:03 +0000 2018,1.0,0.0,0.0,Recy Taylor: who was the woman Oprah mentioned in her #GoldenGlobes speech? https://t.co/tiynXeMmCO https://t.co/1Pw4pUEQRY,8
408,BBC,0.0,Mon Jan 08 19:37:04 +0000 2018,1.0,0.0,0.0,"Tonight, go beyond the theatre doors and discover how surgeons push medical boundaries to the limits. ? 

Surgeons:… https://t.co/ZOnkfmFkDY",9
409,BBC,0.1779,Mon Jan 08 19:02:01 +0000 2018,0.793,0.088,0.119,"?? The moment a moose, which got stuck up to its neck in snow, is freed by rescuers in Canada. ? https://t.co/edDNzLFP2c",10
410,BBC,-0.126,Mon Jan 08 18:32:04 +0000 2018,0.923,0.077,0.0,?? This year you can get 24 days off in a row using just 14 days of leave! https://t.co/ffVi0OKWIv https://t.co/3bIJLmeK4s,11
411,BBC,0.0,Mon Jan 08 18:02:04 +0000 2018,1.0,0.0,0.0,?? It was a big day for Princess Charlotte today as she started at nursery school. https://t.co/uZm4XqMPhV https://t.co/tVw11CKnVf,12
412,BBC,0.0,Mon Jan 08 17:30:06 +0000 2018,1.0,0.0,0.0,??This mum is taking on the global airline industry to get wheelchairs allowed on planes. https://t.co/C5suKv2fJy,13
413,BBC,0.0,Mon Jan 08 17:09:03 +0000 2018,1.0,0.0,0.0,"This #MeatFreeMonday, why not give one of these veggie pasta bakes a go? ??? https://t.co/BFvmdF4FZi https://t.co/ZRXjL2ZASs",14
414,BBC,0.0,Mon Jan 08 16:48:04 +0000 2018,1.0,0.0,0.0,"'I still have that karaoke machine!' ????

@Camila_Cabello explains how a @BritneySpears karaoke CD made her Christ… https://t.co/G2WJxboW67",15
415,BBC,0.0,Mon Jan 08 16:33:07 +0000 2018,1.0,0.0,0.0,These are some of the most striking photographs taken last week from around the world. ? https://t.co/nbDyZEg9YW https://t.co/ixljaLS7bq,16
416,BBC,0.0,Mon Jan 08 16:00:05 +0000 2018,1.0,0.0,0.0,Judi Dench and Maggie Smith star as two sisters whose lives are changed when they befriend a man they find on the b… https://t.co/a9hqMWL9bV,17
417,BBC,0.0772,Mon Jan 08 15:27:21 +0000 2018,0.925,0.0,0.075,"?Eight books that will make you want to run away with the circus. ?? https://t.co/ahZU4Dn2kD

#LoveToRead https://t.co/FnPS49sYg6",18
418,BBC,0.6908,Mon Jan 08 15:00:07 +0000 2018,0.769,0.0,0.231,?? If you're married then it might be best to tread carefully today which has been dubbed #DivorceDay by lawyers.… https://t.co/tamDjAjpmp,19
419,BBC,0.5106,Mon Jan 08 14:30:06 +0000 2018,0.71,0.0,0.29,Repeat bouts of warmer seawater are posing a significant challenge to the world's coral reefs. ? ? ?… https://t.co/nLE91lQxyt,20
420,BBC,0.3182,Mon Jan 08 14:03:04 +0000 2018,0.728,0.111,0.161,"'Having kids ruins your life in the best way possible.'
11 things we learned from Charlie Brooker’s Desert Island D… https://t.co/qcyMA9KdNA",21
421,BBC,-0.6739,Mon Jan 08 13:43:59 +0000 2018,0.524,0.476,0.0,RT @bbcthesocial: WTF is #hygge? https://t.co/M04sxI3XMt,22
422,BBC,0.0,Mon Jan 08 13:40:41 +0000 2018,1.0,0.0,0.0,RT @bbcrb: Any spare paper laying about in your office? Donate some today ! ? https://t.co/FWCGmnJK6Y,23
423,BBC,0.4019,Mon Jan 08 13:33:04 +0000 2018,0.863,0.0,0.137,"New year, new me? ? 

? ?  From taking photos inside active volcanoes to jousting, here are 8 hobbies you probably… https://t.co/wGtHBd3TK1",24
424,BBC,0.0,Mon Jan 08 13:00:08 +0000 2018,1.0,0.0,0.0,?? This 16-year-old girl from East Kilbride has made F4 motor racing history. https://t.co/LHhhU6vKY8,25
425,BBC,0.8176,Mon Jan 08 12:40:13 +0000 2018,0.702,0.0,0.298,RT @BBCCornwall: ?? Even the dolphins had a lovely time playing in the #SundaySunshine in Mounts Bay ???? Thanks to #drone operator Simon S…,26
426,BBC,0.0,Mon Jan 08 12:37:56 +0000 2018,1.0,0.0,0.0,RT @BBC100women: The red carpet was a sea of black dresses and suits at the #GoldenGlobes.  Stars discuss #WhyWeWearBlack and make it very…,27
427,BBC,0.0,Mon Jan 08 12:37:14 +0000 2018,1.0,0.0,0.0,"RT @BBCSpringwatch: 50 million trees are going to be planted ?
https://t.co/x4Enjn8H2A",28
428,BBC,0.1935,Mon Jan 08 12:37:05 +0000 2018,0.836,0.0,0.164,"RT @bbccomedy: So, how you feeling today? ?? #MondayMotivation https://t.co/dyRd1shmfq",29
429,BBC,0.4019,Mon Jan 08 12:36:01 +0000 2018,0.891,0.0,0.109,"RT @BBCOne: ? Thick fur and enormous feet help Canada lynx deal with deep snow and arctic conditions. 

? #BigCats, Thursday at 8pm on @BBC…",30
430,BBC,0.0,Mon Jan 08 12:29:03 +0000 2018,1.0,0.0,0.0,"On what would have been #DavidBowie's 71st birthday, here are 8 life lessons we can take away from the Star Man's t… https://t.co/kbSD0N77jx",31
431,BBC,0.4939,Mon Jan 08 12:28:45 +0000 2018,0.868,0.0,0.132,"RT @bbcasiannetwork: ? ""They walk in the room and they let everybody know.""
@iamwill tells @HarpreetUK how he's been inspired to ditch the…",32
432,BBC,0.0,Mon Jan 08 11:53:03 +0000 2018,1.0,0.0,0.0,"?Our universe has a speed limit of 299,792 km p/s (which is also the rate at which light travels), but what is it t… https://t.co/dFDyB5aZ1F",33
433,BBC,0.0,Mon Jan 08 11:29:26 +0000 2018,1.0,0.0,0.0,The biggest moments from last night's #GoldenGlobes. ? ? https://t.co/GZCJztqRln https://t.co/23LJXnf3wN,34
434,BBC,0.4215,Mon Jan 08 09:57:36 +0000 2018,0.763,0.0,0.237,Some powerful speeches and statements from this year's #GoldenGlobes. https://t.co/ewKAhPtHoV,35
435,BBC,0.5994,Mon Jan 08 09:00:06 +0000 2018,0.837,0.0,0.163,We have a 'supermoon trilogy' coming in January &amp; the final one - a 'Super Blue Blood Moon' - could be the most rar… https://t.co/nbwHZdXRSh,36
436,BBC,0.0,Mon Jan 08 08:46:52 +0000 2018,1.0,0.0,0.0,RT @BBCWorld: Golden Globes 2018: Why stars wore black on the red carpet https://t.co/P4LUZTeOFQ,37
437,BBC,-0.4019,Mon Jan 08 08:46:36 +0000 2018,0.742,0.177,0.081,RT @BBCEngland: Commuters face up to three days of disruption as staff at five train firms begin a fresh wave of strikes in separate disput…,38
438,BBC,0.0,Mon Jan 08 08:45:11 +0000 2018,1.0,0.0,0.0,"RT @BBCNewsbeat: Here are the eight big moments from the #GoldenGlobes last night:

https://t.co/DzbliYugWt https://t.co/zDM1kl7WNm",39
439,BBC,0.2755,Mon Jan 08 08:44:58 +0000 2018,0.883,0.0,0.117,RT @bbcthree: You'll never complain about your commute again after you see these bonkers journeys https://t.co/43I5HefpJ8 https://t.co/dzWJ…,40
440,BBC,0.4574,Mon Jan 08 08:44:11 +0000 2018,0.87,0.0,0.13,"RT @bbcgetinspired: You can do it! ? 

@AdeleRoberts is on a mission to get you active with her January health hacks. #GetInspired #MondayM…",41
441,BBC,0.0,Mon Jan 08 08:44:05 +0000 2018,1.0,0.0,0.0,"RT @bbcworldservice: ""The fact that we have an epidemic of depression... is telling us that we've built a society that doesn't match people…",42
442,BBC,0.0,Mon Jan 08 08:40:02 +0000 2018,1.0,0.0,0.0,"Beef farmer Jay gave up his family farm to send his herd to live out their days in a sanctuary. ????
#EverydayHeroes https://t.co/IjBP8kxfNA",43
443,BBC,0.0,Mon Jan 08 08:40:00 +0000 2018,1.0,0.0,0.0,"RT @BBC6Music: ??? Today would have been David Bowie's 71st Birthday. In 1973 on @BBC's Nationwide, he contemplated life after Ziggy Stardu…",44
444,BBC,0.0,Mon Jan 08 08:33:02 +0000 2018,1.0,0.0,0.0,When you wake up and remember you're expected to work five whole days this week. ? #MondayMorning https://t.co/Ju3oKV1rep,45
445,BBC,0.0,Mon Jan 08 08:00:08 +0000 2018,1.0,0.0,0.0,??? Why do some people need several cups of coffee just to get through the day? https://t.co/L3POHVgHjE,46
446,BBC,0.4588,Mon Jan 08 07:38:10 +0000 2018,0.667,0.0,0.333,??? Preserving Morocco's grand gardens. https://t.co/Rh4tovuLZu https://t.co/KVYNRy7ZdT,47
447,BBC,0.2263,Sun Jan 07 20:03:03 +0000 2018,0.734,0.107,0.158,"Switzerland's Schindler? 
Carl Lutz is the forgotten Swiss diplomat who rescued thousands from Holocaust.… https://t.co/LNzRhFR6LN",48
448,BBC,0.7351,Sun Jan 07 19:30:04 +0000 2018,0.721,0.0,0.279,"Tonight, Michael Palin shares the story behind his outstanding career in television and film. ? 

Michael Palin: A… https://t.co/VOYzhp6JyU",49
449,BBC,0.0,Sun Jan 07 19:25:10 +0000 2018,1.0,0.0,0.0,RT @BBCWorld: Snowing or glowing? https://t.co/em8Ks1aGPZ,50
450,BBC,0.0,Sun Jan 07 19:22:48 +0000 2018,1.0,0.0,0.0,"RT @BBCRadio4: ? Roll up! Roll up!
https://t.co/AeAloY7XGG",51
451,BBC,0.0,Sun Jan 07 19:19:39 +0000 2018,1.0,0.0,0.0,"RT @bbccomedy: We can't keep up with the Karcrashians. OHMIGOD, SO PWETTY!!!! https://t.co/eJV7FijmOB",52
452,BBC,-0.1531,Sun Jan 07 19:18:56 +0000 2018,0.926,0.074,0.0,"RT @bbcmusic: Ed Sheeran performing 'Perfect' with Jools Holland and his Rhythm &amp; Blues Orchestra was rather exceptional ?
-
Miss the show?…",53
453,BBC,0.3612,Sun Jan 07 19:00:05 +0000 2018,0.898,0.0,0.102,"You can learn what an animal sounds like from what it evolved to hear. 

And it turns out, T rex sounded nothing li… https://t.co/BuXuJ3majp",54
454,BBC,0.0,Sun Jan 07 18:32:03 +0000 2018,1.0,0.0,0.0,"Tonight, David Attenborough attempts to animate the life of a 200-million-year-old ichthyosaur. ? 

Attenborough an… https://t.co/xWsAFgCQu8",55
455,BBC,0.6369,Sun Jan 07 17:59:05 +0000 2018,0.682,0.0,0.318,Budget Italian feasts the whole family will love. ? https://t.co/MtSlOvp6m6 https://t.co/8fCY2ToBM6,56
456,BBC,0.4215,Sun Jan 07 17:19:01 +0000 2018,0.797,0.0,0.203,"What's the true scale of the global trade in humans? 
#McMafia https://t.co/3X7YDsabMv",57
457,BBC,0.128,Sun Jan 07 16:53:27 +0000 2018,0.359,0.308,0.333,"The best, worst and weirdest #FACup fan fashion. ??? https://t.co/hDEBwew84U https://t.co/1DMfVbC8oJ",58
458,BBC,-0.0258,Sun Jan 07 16:34:03 +0000 2018,0.695,0.155,0.15,RT @BBC_designed: Eastern Block design is back and it’s inspiring a whole new fashion movement. ? https://t.co/xS6vJ68vX8,59
459,BBC,0.5859,Sun Jan 07 16:31:59 +0000 2018,0.612,0.0,0.388,RT @BBCWorld: A beauty contest with a difference ? https://t.co/ardDeFBwO5,60
460,BBC,0.6369,Sun Jan 07 16:31:55 +0000 2018,0.769,0.0,0.231,RT @bbcthree: Becoming a single mum was the best thing that happened to me  https://t.co/64ZeqQRwE0 https://t.co/bJROBhtERz,61
461,BBC,0.0,Sun Jan 07 16:31:45 +0000 2018,1.0,0.0,0.0,RT @BBCScotland: 'Official sightings' of Nessie in 2017 were the highest this century ? https://t.co/eToUiRbB0Z,62
462,BBC,0.4019,Sun Jan 07 16:31:39 +0000 2018,0.828,0.0,0.172,RT @bbccomedy: When your wife is definitely not your wife... ?? #WouldILieToYou @joelycett https://t.co/Rr268sR8p6,63
463,BBC,0.0,Sun Jan 07 16:30:09 +0000 2018,1.0,0.0,0.0,"The Ricky &amp; Graham Show, anyone?

#TheGNShow https://t.co/BvFk05j0Zq",64
464,BBC,0.0,Sun Jan 07 16:27:07 +0000 2018,1.0,0.0,0.0,"RT @bbcmusic: You might recognise some of the names who voted in the #SoundOf2018 poll..

Hiya @stormzy1, @elliegoulding and @alexander_oll…",65
465,BBC,0.0,Sun Jan 07 16:25:04 +0000 2018,1.0,0.0,0.0,RT @BBCTwo: Here's why doves will not be appearing at the Tokyo 2020 Olympics. ?? #QI https://t.co/Fm1FX4WzTQ,66
466,BBC,0.0,Sun Jan 07 16:19:01 +0000 2018,1.0,0.0,0.0,"RT @BBCOne: ? INCOMING. 
#McMafia continues tonight at 9pm, @BBCOne. Don’t be late. https://t.co/z1JBKX7RAl",67
467,BBC,-0.0772,Sun Jan 07 16:18:25 +0000 2018,0.925,0.075,0.0,RT @bbcworldservice: Could one of the toughest cycling races bring unity to Colombia? More here: https://t.co/mFL1O9spkM https://t.co/jnwDG…,68
468,BBC,0.4019,Sun Jan 07 16:00:07 +0000 2018,0.856,0.0,0.144,"Burnt out? Here are 8 locations to help you get way, way away from it all. ? https://t.co/qINvxQrMPA https://t.co/CsANInn8PN",69
469,BBC,-0.3182,Sun Jan 07 15:30:05 +0000 2018,0.758,0.152,0.09,"Are you prepared for the collapse of society? ?
Here’s the knowledge you’d need to reboot civilisation. ?… https://t.co/RQTUOyeMQC",70
470,BBC,0.0,Sun Jan 07 15:01:01 +0000 2018,1.0,0.0,0.0,"Take a peek #InsideTheFactory to see how a fish finger is made. ???
https://t.co/FejNIi4sHz",71
471,BBC,0.6597,Sun Jan 07 14:30:02 +0000 2018,0.769,0.0,0.231,This fisherman in Cornwall is helping to save cetaceans by using modern technology to aid his fishing practices. ?? https://t.co/rLNKLQxfWf,72
472,BBC,0.0,Sun Jan 07 14:00:04 +0000 2018,1.0,0.0,0.0,"The year is 2018.
Music is changing fast, but can the humans keep up?
Here's a handful of possible outcomes. ?… https://t.co/pqYeLWwHNz",73
473,BBC,0.6369,Sun Jan 07 13:33:06 +0000 2018,0.781,0.0,0.219,Take a look at some of the best photographs of the UK from last year. ? https://t.co/why5ck9xKk https://t.co/XJfduxho1z,74
474,BBC,-0.1531,Sun Jan 07 13:10:30 +0000 2018,0.89,0.11,0.0,"RT @BBCRadio4: ‘I exaggerate for comic effect’ 
@charltonbrooker on his on-screen persona. 
#desertislanddiscs 
https://t.co/tdfpZEd4cj",75
475,BBC,0.5267,Sun Jan 07 13:00:04 +0000 2018,0.841,0.0,0.159,"Is this the new age of the train? 

? @BBC_Culture explores the brave new world of futuristic rail travel.… https://t.co/x6UBsXe6Eq",76
476,BBC,-0.5423,Sun Jan 07 12:33:59 +0000 2018,0.763,0.189,0.048,"RT @BBCOne: A mysterious figure reaches out to Alex, who is finding it increasingly difficult to say no. #McMafia. Tonight, 9pm. @BBCOne. h…",77
477,BBC,-0.5204,Sun Jan 07 12:30:05 +0000 2018,0.708,0.227,0.065,"If you have anxiety, you’re not alone. Over 8m people in the UK have an anxiety disorder of some sort. 
Here's some… https://t.co/rg917TPUKP",78
478,BBC,-0.4588,Sun Jan 07 11:36:25 +0000 2018,0.727,0.273,0.0,RT @BBCScotland: The abandoned island reclaimed by seabirds ? https://t.co/YRAVnFn8xA,79
479,BBC,0.0,Sun Jan 07 11:35:58 +0000 2018,1.0,0.0,0.0,RT @bbcthree: Don't be this guy. https://t.co/8T8QJrBOjY,80
480,BBC,0.0,Sun Jan 07 11:33:57 +0000 2018,1.0,0.0,0.0,"RT @bbcgetinspired: ? SPLASH!

When you're learning to paddleboard there's only one way it's going to end... ? #GetInspired https://t.co/Zl…",81
481,BBC,0.4588,Sun Jan 07 11:33:02 +0000 2018,0.75,0.0,0.25,RT @BBCRadio4: 15 podcasts guaranteed to make you smarter. https://t.co/BRm87q7mus,82
482,BBC,0.0,Sun Jan 07 11:29:58 +0000 2018,1.0,0.0,0.0,"RT @BBCiPlayer: ?? ""The complete #HardSun dossier WILL BE RELEASED."" https://t.co/7AEUPT9M0n https://t.co/tl50rimCos",83
483,BBC,0.1531,Sun Jan 07 11:05:24 +0000 2018,0.897,0.0,0.103,"RT @bbcthree: Here are solid comebacks for when people say ""non-binary people don't exist."" https://t.co/aQuQwutySF",84
484,BBC,-0.5994,Sun Jan 07 11:01:46 +0000 2018,0.562,0.438,0.0,RT @BBCWorld: Death by selfie https://t.co/nr2lwSnMGr,85
485,BBC,0.0,Sun Jan 07 11:00:06 +0000 2018,1.0,0.0,0.0,"What's the fattest animal on earth? ???

A whale, bear, supersized walrus or something altogether unexpected?… https://t.co/ETzGPKP3Eh",86
486,BBC,0.0,Sun Jan 07 10:53:54 +0000 2018,1.0,0.0,0.0,RT @BBCNews: Royal Wedding: Late pub opening hours for Harry and Meghan https://t.co/7w6kcOjyxl,87
487,BBC,0.5719,Sun Jan 07 10:49:25 +0000 2018,0.821,0.0,0.179,RT @BBCFood: Going low-cal but having cravings? Enter the easiest ever chicken traybake. ? Full recipe here - https://t.co/KXMxTDDtgx https…,88
488,BBC,0.0,Sun Jan 07 10:49:13 +0000 2018,1.0,0.0,0.0,"RT @BBCNewsround: In for a penny, in for a pound! Check out these new coin designs from the Royal Mint https://t.co/5hfRexBLyU https://t.co…",89
489,BBC,0.0,Sun Jan 07 10:00:04 +0000 2018,1.0,0.0,0.0,?? Prepare to be mesmerised by the sounds of Scotland. https://t.co/d32eggwm1U,90
490,BBC,-0.4215,Sun Jan 07 09:32:03 +0000 2018,0.851,0.149,0.0,"Women unhappy with their breast size are less likely to carry out regular self-examinations, study suggests.… https://t.co/41b81fLY8p",91
491,BBC,0.0,Sun Jan 07 09:00:14 +0000 2018,1.0,0.0,0.0,The people of the whale. ?? https://t.co/TH7SUcw5JJ https://t.co/8ivwbmnhms,92
492,BBC,-0.4588,Sun Jan 07 08:30:05 +0000 2018,0.636,0.364,0.0,'I fought anxiety and started teaching happiness.' https://t.co/K2TXy36b77 https://t.co/M4xJDR4rkd,93
493,BBC,-0.4939,Sun Jan 07 08:00:04 +0000 2018,0.802,0.198,0.0,??? When ball boys steal the limelight and hit the big time. https://t.co/Rl0vUHaZZK https://t.co/Uc02sIM0gK,94
494,BBC,0.0,Sat Jan 06 23:57:10 +0000 2018,1.0,0.0,0.0,"RT @BBCScotland: Let this be a lesson to us all...how NOT to split the bill. 

From @MrQuippy https://t.co/wEGoJQm5Fe",95
495,BBC,0.5859,Sat Jan 06 23:56:58 +0000 2018,0.743,0.0,0.257,RT @bbcthree: Kids discussing hipsters is as amazing as you'd expect. https://t.co/7ZlwQbc8Bw,96
496,BBC,-0.4939,Sat Jan 06 23:56:09 +0000 2018,0.862,0.138,0.0,"RT @BBCScotland: Heroin exploded into housing schemes around Scotland in the early 80's changing policing and society forever.

Watch the f…",97
497,BBC,0.0,Sat Jan 06 23:55:08 +0000 2018,1.0,0.0,0.0,"RT @BBCMOTD: ? Doo doo doo doo doo doo doo doo doo doo doo doo doo doo doo… ?

#FACup third round day always throws up some stories - today…",98
498,BBC,0.0,Sat Jan 06 19:33:03 +0000 2018,1.0,0.0,0.0,"DCI Hicks and DI Renko stumble on a lethal secret that will bind them together for life. 

#HardSun | 9.35pm |… https://t.co/Tl7pjslOQZ",99
499,BBC,0.3612,Sat Jan 06 19:01:04 +0000 2018,0.872,0.0,0.128,??? @reallorraine and @RobBeckettComic present as couples and their families come together for a wedding day like n… https://t.co/acOWVTDVKy,100
